{"content":"{\n    \"header\": true,\n    \"footer\": true,\n    \"body\": {\n        \"rows\": [\n            {\n                \"styleClass\": \"first-top-padding yettel-padding-bottom-3\",\n                \"columns\": [\n                    {\n                        \"leftOffset\": 1,\n                        \"width\": 12,\n                        \"styleClass\": \"\",\n                        \"containers\": [\n                            {\n                                \"identifier\": \"//default/application/containers/cookie-declaration/\",\n                                \"uuid\": \"1\"\n                            }\n                        ]\n                    }\n                ]\n            }\n        ]\n    },\n    \"sidebar\": null\n}\n\n","contentType":"text/plain; charset=ISO-8859-1","fileSize":699,"isImage":false,"length":699,"modDate":1705395735889,"name":"layout.json","path":"4/b/4b1a3387-e9eb-48d3-8f1f-0d4dead5daac/fileAsset/layout.json","sha256":"f0353675e9366f74c3792bdadbb159c11668f3b5bf0b410514a9966c0aff346f","title":"layout.json","version":20220201}