{"content":"#set($itemId = $item.attrs.data.inode)\n#set($offersBanner = $dotcontent.find($itemId))\n\n#dotParse(\"/application/vtl/banner/offers/offers-banner.vtl\")\n\n","contentType":"text/plain; charset=ISO-8859-1","fileSize":150,"isImage":false,"length":150,"modDate":1705395728319,"name":"dotContent-offersbanner.vtl","path":"d/5/d551aa2f-b6ec-4fa9-8d5a-27e43d400fc4/fileAsset/dotContent-offersbanner.vtl","sha256":"bcc5c4ccddcf1df96ed80986f2194d572d569789b9035b62acedc4d02a2341c0","title":"dotContent-offersbanner.vtl","version":20220201}