{"content":"<a id=\"anchor-content-$!{videoMp4.identifier}\" class=\"content-anchor\"></a>\n#set($videoUrl = \"\")\n#if($UtilMethods.isSet($videoMp4.videoLink))\n    #set($videoUrl = ${videoMp4.videoLink})\n#elseif($UtilMethods.isSet($videoMp4.videoFile))\n    #set($videoUrl = ${videoMp4.videoFile.shortyUrl})\n#end\n<div class=\"cb-video-wrapper $!{videoMp4.textPositionForMobile.selectValue} $!{videoMp4.style} $!topClass\">\n    <video autoplay=\"\" loop=\"\" muted=\"\" webkit-playsinline=\"\" playsinline=\"\" class=\"cb-mp4-video\">\n        <source src=\"$!{videoUrl}\">\n    </video>\n    #if($UtilMethods.isSet($videoMp4.displayTitle) || $UtilMethods.isSet($videoMp4.description) || $UtilMethods.isSet($videoMp4.link))\n        <div class=\"cb-video-wrapper__text-container\">\n            <div class=\"cb-video-wrapper__text-container__text desktop-position-$!{videoMp4.textPositionForDesktop.selectValue} $!{videoMp4.textAlignment.selectValue}\">\n                #set($headerTag = $videoMp4)\n                #set($headerDefaultSize = \"H2\")\n                #set($headerClass = \"cb-video-wrapper__text-container__text__title $!{videoMp4.textAlignment.selectValue}\")\n                #dotParse(\"/application/vtl/common/headerTag.vtl\")\n                #set($descriptionTag = $videoMp4)\n                #set($descriptionClass = \"cb-video-wrapper__text-container__text__description $!{videoMp4.textAlignment.selectValue}\")\n                #dotParse(\"/application/vtl/common/descriptionTag.vtl\")\n                #if($UtilMethods.isSet($videoMp4.link))\n                    #set($linkItem = $videoMp4.link)\n                    #dotParse('/application/vtl/link-item/link-item.vtl')\n                #end\n            </div>\n        </div>\n    #end\n</div>\n\n","contentType":"text/plain; charset=ISO-8859-1","fileSize":1703,"isImage":false,"length":1703,"modDate":1706192149397,"name":"video-mp4.vtl","path":"6/7/67e20afb-34d9-4910-9387-b78950aee650/fileAsset/video-mp4.vtl","sha256":"3941746a3c8796d2e7331d71021d0b1844dbda001731a75205b82544e2be10cc","title":"video-mp4.vtl","version":20220201}