{"content":"#set($itemId = $item.attrs.data.inode)\n#set($planCard = $dotcontent.find($itemId))\n\n#dotParse('/application/vtl/card/plan/plan-card.vtl')\n\n","contentType":"text/plain; charset=ISO-8859-1","fileSize":138,"isImage":false,"length":138,"modDate":1705395729759,"name":"dotContent-tariffplancard.vtl","path":"3/e/3efa751a-af59-442f-a2e5-819796820e3e/fileAsset/dotContent-tariffplancard.vtl","sha256":"69ea85fc29bb54e13fa9722fe98b2bfe52782158633d56e750af7df53c506453","title":"dotContent-tariffplancard.vtl","version":20220201}