{"content":"#foreach ($genericContent in [$dotcontent.find($item.attrs.data.inode)])\n    #dotParse(\"/application/vtl/example/webpagecontent.vtl\")\n#end\n\n","contentType":"text/plain; charset=ISO-8859-1","fileSize":139,"isImage":false,"length":139,"modDate":1705395730119,"name":"dotContent-webpagecontent.vtl","path":"1/7/17484462-45c8-4e57-b1d2-44f111f3c065/fileAsset/dotContent-webpagecontent.vtl","sha256":"bf1a015430a0b09bf85b8a6abcc4ca8198f189a594b23dbc7ea0c064dda50d52","title":"dotContent-webpagecontent.vtl","version":20220201}