{"content":"$dotJSON.put(\"title\", \"Press Release Page\")\n$dotJSON.put(\"friendly_name\", \"Press Release Page\")\n$dotJSON.put(\"theme\", \"38c73ebea654be5f05ea5f14a1263702\")\n\n","contentType":"text/plain; charset=ISO-8859-1","fileSize":154,"isImage":false,"length":154,"modDate":1706185549851,"name":"properties.vtl","path":"0/d/0db72eed-e4af-4353-ba92-9d7bee2e3896/fileAsset/properties.vtl","sha256":"5cac72bf4d8c4e05e3dfaa96d61d9a31a8133a5318f4a9af0122b3920719c5ae","title":"properties.vtl","version":20220201}