{"content":"$dotJSON.put(\"title\", \"Basic Page\")\n$dotJSON.put(\"friendly_name\", \"Basic Page\")\n$dotJSON.put(\"theme\", \"38c73ebea654be5f05ea5f14a1263702\")\n\n","contentType":"text/plain; charset=ISO-8859-1","fileSize":138,"isImage":false,"length":138,"modDate":1706185548411,"name":"properties.vtl","path":"2/3/23b76780-5918-4341-b0e2-59f3dc811ca6/fileAsset/properties.vtl","sha256":"f43355c9f33e2ad3fa53ade9a2a60b64d85ef2c1c459c3bb64beba4819b6f913","title":"properties.vtl","version":20220201}