{"content":"<svg xmlns=\"http://www.w3.org/2000/svg\" width=\"24\" height=\"24\">\n    <path d=\"M16.707 8l-1.414 1.414 2.293 2.293H2v2h15.586L15.293 16l1.414 1.414 4.707-4.707L16.707 8z\" fill=\"#002340\"/>\n</svg>\n\n","contentType":"text/plain; charset=ISO-8859-1","fileSize":192,"height":24,"isImage":true,"length":192,"modDate":1706178713609,"name":"arrow-right-icon.svg","path":"c/7/c7e8ca38-86c7-4b17-9601-fa9a6bb0b555/fileAsset/arrow-right-icon.svg","sha256":"f0d3c704eeda4fdceefac7fc4d30fb2bc50a72df4a656198a7fb5a08efefc3db","title":"arrow-right-icon.svg","version":20220201,"width":24}