{"content":"<svg xmlns=\"http://www.w3.org/2000/svg\" width=\"24\" height=\"24\">\n    <path d=\"M10 2a7.986 7.986 0 016.312 12.9l4.895 4.9a1 1 0 11-1.414 1.414l-4.9-4.895A8 8 0 1110 2zm0 14a6 6 0 100-12 6 6 0 000 12z\" fill=\"#232841\"/>\n</svg>\n\n","contentType":"text/plain; charset=ISO-8859-1","fileSize":223,"height":24,"isImage":true,"length":223,"modDate":1706087903825,"name":"search-icon.svg","path":"9/8/98a486f9-3350-4030-bdc4-932cf8f5e3fc/fileAsset/search-icon.svg","sha256":"74d1992e0fd4186e273c814b26e9439f72e67ca11c8805f5144c6a9d7c8f53c0","title":"search-icon.svg","version":20220201,"width":24}