{"content":"#parse( \"static/storyblock/render.vtl\" )\n<h4#if($item.attrs.textAlign) style=\"text-align: $item.attrs.textAlign;\"#end>\n    #renderContentBlock($item.content)\n\n</h4>\n\n","contentType":"text/plain; charset=ISO-8859-1","fileSize":165,"isImage":false,"length":165,"modDate":1705395730419,"name":"heading4.vtl","path":"0/e/0e41d1e4-290b-4276-aebc-15479889957e/fileAsset/heading4.vtl","sha256":"92cc7eecf05e4ebc88d94e2161e7f216e49b07f3140b44a8df539ad8024f0b0e","title":"heading4.vtl","version":20220201}