{
    "header": true,
    "footer": true,
    "body": {
        "rows": [
            {
                "styleClass": "first-top-padding yettel-padding-bottom-3",
                "columns": [
                    {
                        "leftOffset": 1,
                        "width": 12,
                        "styleClass": "",
                        "containers": [
                            {
                                "identifier": "//default/application/containers/banner/",
                                "uuid": "1"
                            }
                        ]
                    }
                ]
            },
            {
                "styleClass": "background-color--yettel-navy-blue color--yettel-white",
                "columns": [
                    {
                        "leftOffset": 1,
                        "width": 12,
                        "styleClass": "",
                        "containers": [
                            {
                                "identifier": "//default/application/containers/banner/",
                                "uuid": "2"
                            }
                        ]
                    }
                ]
            },
            {
                "styleClass": "yettel-padding-top-3 yettel-padding-bottom-3",
                "columns": [
                    {
                        "leftOffset": 1,
                        "width": 4,
                        "styleClass": "",
                        "containers": [
                            {
                                "identifier": "//default/application/containers/card/",
                                "uuid": "3"
                            }
                        ]
                    },
                    {
                        "leftOffset": 5,
                        "width": 4,
                        "styleClass": "",
                        "containers": [
                            {
                                "identifier": "//default/application/containers/card/",
                                "uuid": "4"
                            }
                        ]
                    },
                    {
                        "leftOffset": 9,
                        "width": 4,
                        "styleClass": "",
                        "containers": [
                            {
                                "identifier": "//default/application/containers/card/",
                                "uuid": "5"
                            }
                        ]
                    }
                ]
            },
            {
                "styleClass": "background-color--yettel-sky",
                "columns": [
                    {
                        "leftOffset": 1,
                        "width": 12,
                        "styleClass": "",
                        "containers": [
                            {
                                "identifier": "//default/application/containers/banner/",
                                "uuid": "6"
                            }
                        ]
                    }
                ]
            },
            {
                "styleClass": "yettel-fade-gallery",
                "columns": [
                    {
                        "leftOffset": 2,
                        "width": 3,
                        "styleClass": "",
                        "containers": [
                            {
                                "identifier": "//default/application/containers/fade-illustration/",
                                "uuid": "7"
                            }
                        ]
                    },
                    {
                        "leftOffset": 6,
                        "width": 2,
                        "styleClass": "",
                        "containers": [
                            {
                                "identifier": "//default/application/containers/fade-illustration/",
                                "uuid": "8"
                            }
                        ]
                    },
                    {
                        "leftOffset": 9,
                        "width": 3,
                        "styleClass": "",
                        "containers": [
                            {
                                "identifier": "//default/application/containers/fade-illustration/",
                                "uuid": "9"
                            }
                        ]
                    }
                ]
            },
            {
                "styleClass": "yettel-padding-bottom-3",
                "columns": [
                    {
                        "leftOffset": 1,
                        "width": 12,
                        "styleClass": "",
                        "containers": [
                            {
                                "identifier": "//default/application/containers/banner/",
                                "uuid": "10"
                            }
                        ]
                    }
                ]
            },
            {
                "styleClass": "yettel-padding-bottom-3",
                "columns": [
                    {
                        "leftOffset": 1,
                        "width": 12,
                        "styleClass": "",
                        "containers": [
                            {
                                "identifier": "//default/application/containers/expectations/",
                                "uuid": "11"
                            }
                        ]
                    }
                ]
            },
            {
                "styleClass": "yettel-padding-bottom-3",
                "columns": [
                    {
                        "leftOffset": 1,
                        "width": 12,
                        "styleClass": "",
                        "containers": [
                            {
                                "identifier": "//default/application/containers/faq/",
                                "uuid": "12"
                            }
                        ]
                    }
                ]
            }
        ]
    },
    "sidebar": null
}
