{"content":"/*! For license information please see formio.full.min.js.LICENSE.txt */\n!(function (e, t) {\n    'object' == typeof exports && 'object' == typeof module\n        ? (module.exports = t())\n        : 'function' == typeof define && define.amd\n        ? define([], t)\n        : 'object' == typeof exports\n        ? (exports.Formio = t())\n        : (e.Formio = t());\n})(self, function () {\n    return (function () {\n        var e = {\n                44964: function (e, t, n) {\n                    'use strict';\n                    function r(e) {\n                        return (\n                            (r =\n                                'function' == typeof Symbol && 'symbol' == typeof Symbol.iterator\n                                    ? function (e) {\n                                          return typeof e;\n                                      }\n                                    : function (e) {\n                                          return e &&\n                                              'function' == typeof Symbol &&\n                                              e.constructor === Symbol &&\n                                              e !== Symbol.prototype\n                                              ? 'symbol'\n                                              : typeof e;\n                                      }),\n                            r(e)\n                        );\n                    }\n                    function o(e, t) {\n                        for (var n = 0; n < t.length; n++) {\n                            var o = t[n];\n                            (o.enumerable = o.enumerable || !1),\n                                (o.configurable = !0),\n                                'value' in o && (o.writable = !0),\n                                Object.defineProperty(\n                                    e,\n                                    (void 0,\n                                    (i = (function (e, t) {\n                                        if ('object' !== r(e) || null === e) return e;\n                                        var n = e[Symbol.toPrimitive];\n                                        if (void 0 !== n) {\n                                            var o = n.call(e, 'string');\n                                            if ('object' !== r(o)) return o;\n                                            throw new TypeError(\n                                                '@@toPrimitive must return a primitive value.',\n                                            );\n                                        }\n                                        return String(e);\n                                    })(o.key)),\n                                    'symbol' === r(i) ? i : String(i)),\n                                    o,\n                                );\n                        }\n                        var i;\n                    }\n                    n(32165),\n                        n(66992),\n                        n(78783),\n                        n(33948),\n                        Object.defineProperty(t, '__esModule', { value: !0 }),\n                        (t.default = void 0),\n                        n(92222),\n                        n(96649),\n                        n(96078),\n                        n(82526),\n                        n(41817),\n                        n(41539),\n                        n(9653);\n                    var i = (function () {\n                        function e(t) {\n                            !(function (e, t) {\n                                if (!(e instanceof t))\n                                    throw new TypeError('Cannot call a class as a function');\n                            })(this, e),\n                                (this.baseUrl = t || 'https://cdn.form.io'),\n                                (this.overrides = {}),\n                                (this.libs = {\n                                    ace: '1.4.12',\n                                    bootstrap: '4.6.2',\n                                    ckeditor: '19.0.0',\n                                    flatpickr: '4.6.8',\n                                    'flatpickr-formio': '4.6.13-formio.1',\n                                    'font-awesome': '4.7.0',\n                                    grid: 'latest',\n                                    'moment-timezone': 'latest',\n                                    quill: '1.3.7',\n                                    'shortcut-buttons-flatpickr': '0.4.0',\n                                    uswds: '2.4.8',\n                                    core: '',\n                                }),\n                                this.updateUrls();\n                        }\n                        var t, n;\n                        return (\n                            (t = e),\n                            (n = [\n                                {\n                                    key: 'getVersion',\n                                    value: function (e) {\n                                        return this.libs[e];\n                                    },\n                              ","contentType":"text/plain; charset=ISO-8859-1","fileSize":6911600,"isImage":false,"length":6911600,"modDate":1706097323997,"name":"formio.full.min.4.14.13.js","path":"4/4/440024c1-19a5-4757-8d70-a46749c6afc3/fileAsset/formio.full.min.4.14.13.js","sha256":"94d7a8b91be8fd54463b0a0e863df4a8ed95c999b2b0433ef2f9c6ca12fc2439","title":"formio.full.min.4.14.13.js","version":20220201}