{"content":"#*\n    Style Picker with 'Inherit' option Field\n    Uses the existing Style Field picker and includes the 'Inherit' option.\n\n    Example Custom Field\n    #dotParse(\"/application/vtl/custom-fields/style-with-inherit-field.vtl\")\n *#\n<script>\n    const preItems = [\n        {\n            \"class\": \"inherit\",\n            \"text\": \"Inherit\",\n            \"img\": null,\n            \"value\": \"inherit\",\n            \"style\": \"\"\n        },\n    ];\n</script>\n#dotParse(\"/application/vtl/custom-fields/style-field.vtl\")\n\n","contentType":"text/plain; charset=ISO-8859-1","fileSize":505,"isImage":false,"length":505,"modDate":1705395686678,"name":"style-with-inherit-field.vtl","path":"d/c/dc959d62-0817-4546-85f0-34d4df204439/fileAsset/style-with-inherit-field.vtl","sha256":"20dd9ca6adb65a4884b5d377594da601da89c8aa576588f7d3960ff581e3df6f","title":"style-with-inherit-field.vtl","version":20220201}