{"content":"#*\n    Style Picker Field\n    Creates a custom field with a button to open a picker modal, uses the variations field to provide the picker functionality.\n    Uses predefined configuration for the website style values (e.g. primary, secondary...)\n\n    You can now use the json configuration below and prefix items or postfix items by using the following syntax:\n    const preItems = [\n        {\n            \"class\": \"first\",\n            \"text\": \"First\",\n            \"img\": null,\n            \"value\": \"first\",\n            \"style\": \"\"\n        },\n    ];\n\n    and/or\n\n    const postItems = [\n        {\n            \"class\": \"last\",\n            \"text\": \"Last\",\n            \"img\": null,\n            \"value\": \"last\",\n            \"style\": \"\"\n        },\n    ];\n\n    Example Custom Field\n    #dotParse(\"/application/vtl/custom-fields/style-field.vtl\")\n\n    Optionally you can set the \"$styleField\" variable before calling the '#dotParse' and you can specify a specific field name.\n *#\n<script type=\"application/json\" id=\"style_variations\">\n    {\n        \"title\": \"Select Style Variation\",\n        \"items\": [\n            {\n                \"class\": \"primary\",\n                \"text\": \"Primary\",\n                \"img\": null,\n                \"value\": \"primary\",\n                \"style\": \"\"\n            },\n            {\n                \"class\": \"secondary\",\n                \"text\": \"Secondary\",\n                \"img\": null,\n                \"value\": \"secondary\",\n                \"style\": \"\"\n            },\n            {\n                \"class\": \"tertiary\",\n                \"text\": \"Tertiary\",\n                \"img\": null,\n                \"value\": \"tertiary\",\n                \"style\": \"\"\n            },\n            {\n                \"class\": \"quaternary\",\n                \"text\": \"Quaternary\",\n                \"img\": null,\n                \"value\": \"quaternary\",\n                \"style\": \"\"\n            },\n            {\n                \"class\": \"quinary\",\n                \"text\": \"Quinary\",\n                \"img\": null,\n                \"value\": \"quinary\",\n                \"style\": \"\"\n            },\n            {\n                \"class\": \"senary\",\n                \"text\": \"Senary\",\n                \"img\": null,\n                \"value\": \"senary\",\n                \"style\": \"\"\n            },\n            {\n                \"class\": \"septenary\",\n                \"text\": \"Septenary\",\n                \"img\": null,\n                \"value\": \"septenary\",\n                \"style\": \"\"\n            }\n        ]\n    }\n</script>\n#if(!$UtilMethods.isSet($styleField))\n    #set($styleField = \"style\")\n#end\n<div id=\"cb_$!{styleField}\" data-field-id=\"$!{styleField}\" data-config-id=\"style_variations\"></div>\n#dotParse(\"/application/vtl/custom-fields/variations-field.vtl\")\n<script>\n    variations_field('cb_$!{styleField}');\n</script>\n#set($styleField = \"\")\n\n","contentType":"text/plain; charset=ISO-8859-1","fileSize":2818,"isImage":false,"length":2818,"modDate":1705395686468,"name":"style-field.vtl","path":"c/0/c0cc3da6-a097-445a-9ae3-8f85a42cede7/fileAsset/style-field.vtl","sha256":"d69784ef165c7897cf0de5ab11879e35a6c9d35e77063d7e000c1447a54ea836","title":"style-field.vtl","version":20220201}