{"content":"## The $dotTheme.assets is set to the relative theme path, please check:\n## \"src/default/application/containers/external-header/preloop.vtl\"\n## \"src/default/application/containers/external-footer/preloop.vtl\"\n## For more information on why we need a separate property for this\n#set($dotThemeAssets = $dotTheme.put(\"assets\", $dotTheme.path))\n\n## The $dotTheme.channel property contains \"consumer\" or \"business\"\n## This setting can be set on a page level.\n#set($dotThemeChannel = $dotTheme.put(\"channel\", $dotPageContent.channel.selectValue))\n\n## The configuration is a global property we use in several files\n## so we load this once here to reduce the DB calls\n#set($configuration = $dotcontent.find($host.configurationId))\n\n## The current language is used to set the correct language code on the HTML\n#set($currentLanguage = $text.getLanguage($language))\n\n## The following macro permits you to pass a wanted item and a default item as a fallback\n## example: #getItem($!URLMapContent.displayTitle, $!dotPageContent.friendlyName)\n## Note: the use of velocity comment blocks helps the macro not introduce white space.\n#macro(getItem $item $defaultItem)#*\n    *##if ($UtilMethods.isSet($item))#*\n        *#$item#*\n    *##else#*\n        *#$!defaultItem#*\n    *##end#*\n*##end\n\n## The following macro needs to be without whitespace, it is used to append query string parameters\n## example: #appendQueryString(\"\", \"param=value\") => \"?param=value\n## example: #appendQueryString(\"?test=true\", \"param=value\") => \"?test=true&param=value\n#macro(appendQueryString $original $text)#if ($UtilMethods.isSet($original))$original&$text#else?$text#end#end\n\n## The following macro appends form modal content\n#macro(appendModalForm $original)#*\n    *#$!original#*\n    *##dotParse(\"/application/vtl/form.io/form.io-modal.vtl\")#*\n*##end\n\n## If the page has the \"Embedded\" flag, then just return the content\n#set($embedded = $dotPageContent.embeddedPage.selectedValues == [\"true\"])\n#if($embedded == false || $EDIT_MODE || $PREVIEW_MODE)\n\n\n    #dotParse(\"${dotTheme.path}partial/head/head.vtl\")\n    #dotParse(\"${dotTheme.path}partial/body/body.vtl\")\n\n#else\n    #dotParse(\"${dotTheme.path}partial/content/content-embedded.vtl\")\n#end\n","contentType":"text/html; charset=ISO-8859-1","fileSize":2274,"isImage":false,"length":2274,"modDate":1706178705979,"name":"template.vtl","path":"b/3/b32d9121-1f13-48f7-8765-ea2199c4aa9b/fileAsset/template.vtl","sha256":"f4018e8b6ab0e9566724bb564318423772f7949bb175938c1d43e0a460427778","title":"template.vtl","version":20220201}