{"content":"{\n    \"header\": true,\n    \"footer\": true,\n    \"body\": {\n        \"rows\": [\n            {\n                \"styleClass\": \"first-top-padding yettel-padding-bottom-3\",\n                \"columns\": [\n                    {\n                        \"leftOffset\": 1,\n                        \"width\": 12,\n                        \"styleClass\": \"\",\n                        \"containers\": [\n                            {\n                                \"identifier\": \"//default/application/containers/coverage-map/\",\n                                \"uuid\": \"1\"\n                            }\n                        ]\n                    }\n                ]\n            }\n        ]\n    },\n    \"sidebar\": null\n}\n\n","contentType":"text/plain; charset=ISO-8859-1","fileSize":693,"isImage":false,"length":693,"modDate":1705395736439,"name":"layout.json","path":"8/8/885eeedf-040d-4b88-a31a-fa05cc5dfbd1/fileAsset/layout.json","sha256":"3adf1d1806e158f784a7bba94940d7d97814b4083c1532e0405f969b0d8e9841","title":"layout.json","version":20220201}