{"content":"#set($itemId = $item.attrs.data.inode)\n#set($videoYoutube = $dotcontent.find($itemId))\n\n#dotParse(\"/application/vtl/video/video-youtube.vtl\")\n\n","contentType":"text/plain; charset=ISO-8859-1","fileSize":142,"isImage":false,"length":142,"modDate":1705395730059,"name":"dotContent-videoyoutube.vtl","path":"d/e/deda7726-f195-469b-97de-db83798d3fd7/fileAsset/dotContent-videoyoutube.vtl","sha256":"ae3654731b020ab954d5a67f760c10e4ca1eca14f49667c038d76dadfe726894","title":"dotContent-videoyoutube.vtl","version":20220201}