{"content":"#set($itemId = $item.attrs.data.inode)\n#set($appBanner = $dotcontent.find($itemId))\n\n#dotParse(\"/application/vtl/banner/app/app-banner.vtl\")\n\n","contentType":"text/plain; charset=ISO-8859-1","fileSize":141,"isImage":false,"length":141,"modDate":1705395726899,"name":"dotContent-appbanner.vtl","path":"7/0/701a52d8-0602-4652-bc5f-516d50e0d7c9/fileAsset/dotContent-appbanner.vtl","sha256":"dda26934e88cfa7abce5f68822c45597bd0aa04154b521e7b2a2058339224915","title":"dotContent-appbanner.vtl","version":20220201}