{"content":"#set($itemId = $item.attrs.data.inode)\n#set($accordion = $dotcontent.find($itemId))\n#set($calledFromBlockEditor = \"true\")\n\n#dotParse(\"/application/vtl/accordion/accordion.vtl\")\n#set($calledFromBlockEditor = \"false\")\n\n","contentType":"text/plain; charset=ISO-8859-1","fileSize":216,"isImage":false,"length":216,"modDate":1705395726839,"name":"dotContent-accordion.vtl","path":"5/7/57e78d73-3a97-473c-a866-4e8e7f395bd9/fileAsset/dotContent-accordion.vtl","sha256":"9e70ae5165f1841d6bdf48eb7ed375f7405cec2dd3784d0c0c7903f4b5e44e7a","title":"dotContent-accordion.vtl","version":20220201}