{"content":"/*!******************************************************************************************************************************************************************************************************************************************************************************************************************************************************!*\\\n  !*** css ./node_modules/css-loader/dist/cjs.js??ruleSet[1].rules[1].use[1]!./node_modules/postcss-loader/dist/cjs.js??ruleSet[1].rules[1].use[2]!./node_modules/resolve-url-loader/index.js??ruleSet[1].rules[1].use[3]!./node_modules/sass-loader/dist/cjs.js??ruleSet[1].rules[1].use[4]!./src/default/application/themes/contentbloom/index.scss ***!\n  \\******************************************************************************************************************************************************************************************************************************************************************************************************************************************************/\n@charset \"UTF-8\";\n:root {\n  --cb-black: #000000;\n  --cb-grey-50: #f2f4f5;\n  --cb-grey-100: #e5e9ec;\n  --cb-grey-150: #d9d9d9;\n  --cb-grey-200: #ccd3d9;\n  --cb-grey-500: #80919f;\n  --cb-grey-400: #99a7b3;\n  --cb-grey-600: #667b8c;\n  --cb-grey-700: #4d6579;\n  --cb-grey-800: #334f66;\n  --cb-grey: #808080;\n  --cb-lime: #b4ff00;\n  --cb-lime-500: #a9eb00;\n  --cb-navy-blue-300: #9fc7d6;\n  --cb-navy-blue-600: #26445d;\n  --cb-navy-blue-800: #004672;\n  --cb-navy-blue: #002340;\n  --cb-sky-200: #e4f2f7;\n  --cb-sky: #c4dfe9;\n  --cb-white-10: #f3f3f3;\n  --cb-white-50: #e6eaed;\n  --cb-white-whisper: #e6e6e6;\n  --cb-white: #ffffff;\n  --cb-alert-100: #ffe9d3;\n  --cb-alert-200: #ffcea9;\n  --cb-alert-700: #b72014;\n  --cb-alert-800: #930c0c;\n  --cb-warning-100: #fff6cf;\n  --cb-warning-200: #ffeb9f;\n  --cb-warning-700: #b77a07;\n  --cb-warning-800: #935e04;\n  --cb-success-100: #dcfad9;\n  --cb-success-200: #b9f0ba;\n  --cb-success-700: #2a9161;\n  --cb-success-800: #1c7855;\n  --cb-info-100: #dbf0ff;\n  --cb-info-200: #b7deff;\n  --cb-info-700: #2656b7;\n  --cb-info-800: #183b93;\n  --cb-info-tooltip: #0086c4;\n}\n\n.cb-dotcms-site .background-color--cb-black {\n  background-color: var(--cb-black);\n}\n.cb-dotcms-site .color--cb-black, .cb-dotcms-site .color--cb-black > * {\n  color: var(--cb-black) !important;\n}\n.cb-dotcms-site .background-color--cb-grey-50 {\n  background-color: var(--cb-grey-50);\n}\n.cb-dotcms-site .color--cb-grey-50, .cb-dotcms-site .color--cb-grey-50 > * {\n  color: var(--cb-grey-50) !important;\n}\n.cb-dotcms-site .background-color--cb-grey-100 {\n  background-color: var(--cb-grey-100);\n}\n.cb-dotcms-site .color--cb-grey-100, .cb-dotcms-site .color--cb-grey-100 > * {\n  color: var(--cb-grey-100) !important;\n}\n.cb-dotcms-site .background-color--cb-grey-150 {\n  background-color: var(--cb-grey-150);\n}\n.cb-dotcms-site .color--cb-grey-150, .cb-dotcms-site .color--cb-grey-150 > * {\n  color: var(--cb-grey-150) !important;\n}\n.cb-dotcms-site .background-color--cb-grey-200 {\n  background-color: var(--cb-grey-200);\n}\n.cb-dotcms-site .color--cb-grey-200, .cb-dotcms-site .color--cb-grey-200 > * {\n  color: var(--cb-grey-200) !important;\n}\n.cb-dotcms-site .background-color--cb-grey-400 {\n  background-color: var(--cb-grey-400);\n}\n.cb-dotcms-site .color--cb-grey-400, .cb-dotcms-site .color--cb-grey-400 > * {\n  color: var(--cb-grey-400) !important;\n}\n.cb-dotcms-site .background-color--cb-grey-500 {\n  background-color: var(--cb-grey-500);\n}\n.cb-dotcms-site .color--cb-grey-500, .cb-dotcms-site .color--cb-grey-500 > * {\n  color: var(--cb-grey-500) !important;\n}\n.cb-dotcms-site .background-color--cb-grey-600 {\n  background-color: var(--cb-grey-600);\n}\n.cb-dotcms-site .color--cb-grey-600, .cb-dotcms-site .color--cb-grey-600 > * {\n  color: var(--cb-grey-600) !important;\n}\n.cb-dotcms-site .background-color--cb-grey-700 {\n  background-color: var(--cb-grey-700);\n}\n.cb-dotcms-site .color--cb-grey-700, .cb-dotcms-site .color--cb-grey-700 > * {\n  color: var(--cb-grey-700) !important;\n}\n.cb-dotcms-site .background-color--cb-grey-800 {\n  background-color: var(--cb-grey-800);\n}\n.cb-dotcms-site .color--cb-grey-800, .cb-dotcms-site .color--cb-grey-800 > * {\n  color: var(--cb-grey-800) !important;\n}\n.cb-dotcms-site .background-color--cb-grey {\n  background-color: var(--cb-grey);\n}\n.cb-dotcms-site .color--cb-grey, .cb-dotcms-site .color--cb-grey > * {\n  color: var(--cb-grey) !important;\n}\n.cb-dotcms-site .background-color--cb-lime {\n  background-color: var(--cb-lime);\n}\n.cb-dotcms-site .color--cb-lime, .cb-dotcms-site .color--cb-lime > * {\n  color: var(--cb-lime) !important;\n}\n.cb-dotcms-site .background-color--cb-lime-500 {\n  background-color: var(--cb-lime-500);\n}\n.cb-dotcms-site .color--cb-lime-500, .cb-dotcms-site .color--cb-lime-500 > * {\n  color: var(--cb-lime-500) !important;\n}\n.cb-dotcms-site .background-color--cb-navy-blue-300 {\n  background-color: var(--cb-navy-blue-300);\n}\n.cb-dotcms-site .color--cb-navy-blue-300, .cb-dotcms-site .color--cb-navy-blue-300 > * {\n  color: var(--cb-navy-blue-300) !important;\n}\n.cb-dotcms-site .background-color--cb-navy-","contentType":"text/plain; charset=ISO-8859-1","fileSize":388765,"isImage":false,"length":388765,"modDate":1706193047815,"name":"bundle.css","path":"8/d/8d9b6e2b-e422-4b6e-8732-a00d042a9490/fileAsset/bundle.css","sha256":"dc86a073f978ade7ccaafc0d60281565e96a6e53d987ad4a0b890b90dfcf19e5","title":"bundle.css","version":20220201}