{
    "header": true,
    "footer": true,
    "body": {
        "rows": [
            {
                "columns": [
                    {
                        "styleClass": "yettel-padding-top-100",
                        "leftOffset": 1,
                        "width": 12,
                        "containers": [
                            {
                                "identifier": "//default/application/containers/search-module/",
                                "uuid": "2"
                            }
                        ]
                    }
                ]
            },
            {
                "columns": [
                    {
                        "leftOffset": 1,
                        "width": 12,
                        "containers": [
                            {
                                "identifier": "//default/application/containers/card/",
                                "uuid": "3"
                            }
                        ]
                    }
                ]
            }
        ]
    },
    "sidebar": null
}
