{"content":"/*! jQuery v2.1.1 | (c) 2005, 2014 jQuery Foundation, Inc. | jquery.org/license */\n!(function (a, b) {\n    'object' == typeof module && 'object' == typeof module.exports\n        ? (module.exports = a.document\n              ? b(a, !0)\n              : function (a) {\n                    if (!a.document) throw new Error('jQuery requires a window with a document');\n                    return b(a);\n                })\n        : b(a);\n})('undefined' != typeof window ? window : this, function (a, b) {\n    var c = [],\n        d = c.slice,\n        e = c.concat,\n        f = c.push,\n        g = c.indexOf,\n        h = {},\n        i = h.toString,\n        j = h.hasOwnProperty,\n        k = {},\n        l = a.document,\n        m = '2.1.1',\n        n = function (a, b) {\n            return new n.fn.init(a, b);\n        },\n        o = /^[\\s\\uFEFF\\xA0]+|[\\s\\uFEFF\\xA0]+$/g,\n        p = /^-ms-/,\n        q = /-([\\da-z])/gi,\n        r = function (a, b) {\n            return b.toUpperCase();\n        };\n    (n.fn = n.prototype =\n        {\n            jquery: m,\n            constructor: n,\n            selector: '',\n            length: 0,\n            toArray: function () {\n                return d.call(this);\n            },\n            get: function (a) {\n                return null != a ? (0 > a ? this[a + this.length] : this[a]) : d.call(this);\n            },\n            pushStack: function (a) {\n                var b = n.merge(this.constructor(), a);\n                return (b.prevObject = this), (b.context = this.context), b;\n            },\n            each: function (a, b) {\n                return n.each(this, a, b);\n            },\n            map: function (a) {\n                return this.pushStack(\n                    n.map(this, function (b, c) {\n                        return a.call(b, c, b);\n                    }),\n                );\n            },\n            slice: function () {\n                return this.pushStack(d.apply(this, arguments));\n            },\n            first: function () {\n                return this.eq(0);\n            },\n            last: function () {\n                return this.eq(-1);\n            },\n            eq: function (a) {\n                var b = this.length,\n                    c = +a + (0 > a ? b : 0);\n                return this.pushStack(c >= 0 && b > c ? [this[c]] : []);\n            },\n            end: function () {\n                return this.prevObject || this.constructor(null);\n            },\n            push: f,\n            sort: c.sort,\n            splice: c.splice,\n        }),\n        (n.extend = n.fn.extend =\n            function () {\n                var a,\n                    b,\n                    c,\n                    d,\n                    e,\n                    f,\n                    g = arguments[0] || {},\n                    h = 1,\n                    i = arguments.length,\n                    j = !1;\n                for (\n                    'boolean' == typeof g && ((j = g), (g = arguments[h] || {}), h++),\n                        'object' == typeof g || n.isFunction(g) || (g = {}),\n                        h === i && ((g = this), h--);\n                    i > h;\n                    h++\n                )\n                    if (null != (a = arguments[h]))\n                        for (b in a)\n                            (c = g[b]),\n                                (d = a[b]),\n                                g !== d &&\n                                    (j && d && (n.isPlainObject(d) || (e = n.isArray(d)))\n                                        ? (e\n                                              ? ((e = !1), (f = c && n.isArray(c) ? c : []))\n                                              : (f = c && n.isPlainObject(c) ? c : {}),\n                                          (g[b] = n.extend(j, f, d)))\n                                        : void 0 !== d && (g[b] = d));\n                return g;\n            }),\n        n.extend({\n            expando: 'jQuery' + (m + Math.random()).replace(/\\D/g, ''),\n            isReady: !0,\n            error: function (a) {\n                throw new Error(a);\n            },\n            noop: function () {},\n            isFunction: function (a) {\n                return 'function' === n.type(a);\n            },\n            isArray: Array.isArray,\n            isWindow: function (a) {\n                return null != a && a === a.window;\n            },\n            isNumeric: function (a) {\n                return !n.isArray(a) && a - parseFloat(a) >= 0;\n            },\n            isPlainObject: function (a) {\n                return 'object' !== n.type(a) || a.nodeType || n.isWindow(a)\n                    ? !1\n                    : a.constructor && !j.call(a.constructor.prototype, 'isPrototypeOf')\n                    ? !1\n                    : !0;\n            },\n            isEmptyObject: function (a) {\n                var b;\n                for (b in a) return !1;\n                return !0;\n            },\n            type: function (a) {\n                return null == a\n                    ? a + ''\n                    : 'object' == typeof a || 'function' == typeof a\n            ","contentType":"text/plain; charset=ISO-8859-1","fileSize":201538,"isImage":false,"length":201538,"modDate":1706097323497,"name":"ajax.googleapis.com_ajax_libs_jquery_2.1.1_jquery.min.js","path":"e/0/e0161441-764e-4e6a-9dc4-795f100b4c49/fileAsset/ajax.googleapis.com_ajax_libs_jquery_2.1.1_jquery.min.js","sha256":"40d05122393a2a237ba0d571bf6b9a0afef9a07031889323d18141be0c53fa00","title":"ajax.googleapis.com_ajax_libs_jquery_2.1.1_jquery.min.js","version":20220201}