{"content":"#set($popperFileInode = $webapi.getAssetInode(\"${dotTheme.path}assets/thirdparty/popper.min.2.11.7.js\"))\n#set($bootstrapFileInode = $webapi.getAssetInode(\"${dotTheme.path}assets/thirdparty/bootstrap.min.5.2.3.js\"))\n<script src=\"/dA/$!{popperFileInode}/popper.min.js\"></script>\n<script src=\"/dA/$!{bootstrapFileInode}/bootstrap.min.js\"></script>\n\n","contentType":"text/plain; charset=ISO-8859-1","fileSize":345,"isImage":false,"length":345,"modDate":1706087907895,"name":"head_thirdparty.vtl","path":"1/7/17a34ec9-d84d-41f4-b8a9-3995cf0fc8ee/fileAsset/head_thirdparty.vtl","sha256":"9bc6cc308ed4a966c5f3325a6fff2e58104222494614ed7d696a9911ea6f5c4a","title":"head_thirdparty.vtl","version":20220201}