{"content":"#set($itemId = $item.attrs.data.inode)\n#set($messageBoxCard = $dotcontent.find($itemId))\n\n#dotParse(\"/application/vtl/card/messagebox/messagebox-card.vtl\")\n\n","contentType":"text/plain; charset=ISO-8859-1","fileSize":156,"isImage":false,"length":156,"modDate":1705395728089,"name":"dotContent-messageboxcard.vtl","path":"9/9/997e3596-14f7-4226-b12f-533197016d86/fileAsset/dotContent-messageboxcard.vtl","sha256":"404569752ed3a3fa116589aa3dce7fbb20be664d033db0375f2c039d8ae64389","title":"dotContent-messageboxcard.vtl","version":20220201}