{"content":"<svg xmlns=\"http://www.w3.org/2000/svg\" width=\"6\" height=\"10\" viewBox=\"0 0 6 10\" fill=\"none\">\n    <path d=\"M0.216014 5.49549C-0.0720055 5.22184 -0.0720055 4.77816 0.216014 4.50451L4.95699 -4.55915e-08L6 0.990988L1.78053 5L6 9.00901L4.95699 10L0.216014 5.49549Z\"/>\n</svg>\n\n","contentType":"text/plain; charset=ISO-8859-1","fileSize":271,"isImage":false,"length":271,"modDate":1706087905585,"name":"chevron-default.vtl","path":"5/a/5a0b3983-939b-439f-9f8a-f2c411a50d2b/fileAsset/chevron-default.vtl","sha256":"b4dff7dc105b6e73ef9d14f9fdc8ca8ac49afc0a1e8d15f670ffd2e259e4aa94","title":"chevron-default.vtl","version":20220201}