{"content":"#set($itemId = $item.attrs.data.inode)\n#set($productCardBanner = $dotcontent.find($itemId))\n\n#dotParse(\"/application/vtl/banner/productcard/productcard-banner.vtl\")\n\n","contentType":"text/plain; charset=ISO-8859-1","fileSize":165,"isImage":false,"length":165,"modDate":1705395728469,"name":"dotContent-productcardbanner.vtl","path":"7/1/7141b100-53f7-4819-ba76-e4115e76a93f/fileAsset/dotContent-productcardbanner.vtl","sha256":"0c422afdd0405ce58f0915174341954c6e816fa3399c33c4e7f7a37a538d3f64","title":"dotContent-productcardbanner.vtl","version":20220201}