{"content":"#set($itemId = $item.attrs.data.inode)\n#set($linkList = $dotcontent.find($itemId))\n\n#dotParse(\"/application/vtl/link-item/link-list.vtl\")\n\n","contentType":"text/plain; charset=ISO-8859-1","fileSize":138,"isImage":false,"length":138,"modDate":1705395727859,"name":"dotContent-linklist.vtl","path":"a/0/a0f97852-b9d3-4af8-8448-bc156d5b918d/fileAsset/dotContent-linklist.vtl","sha256":"b20270ad39a214850802f8dc35904d009d8c897c61d09a96861fb71878fd0855","title":"dotContent-linklist.vtl","version":20220201}