{"content":"<script id=\"yettel-localisations\" type=\"application/json\">\n    {\n        \"countryNames\": {\n#if ($UtilMethods.isSet($configuration.countryList))\n    #foreach($cEntry in $configuration.countryList.map.entrySet())\n        \"$cEntry.key\": \"$cEntry.value\"#if( $foreach.hasNext ), #end\n    #end\n#end\n        },\n        \"errorMessages\": {\n#if ($UtilMethods.isSet($configuration.localisationCode) && $UtilMethods.isSet($configuration.errorList))\n          \"$!{configuration.localisationCode.toString().toLowerCase()}\": {\n    #foreach($cEntry in $configuration.errorList.map.entrySet())\n      \"$cEntry.key\": \"$cEntry.value\"#if( $foreach.hasNext ), #end\n    #end\n          }\n#end\n        }\n}\n</script>\n\n","contentType":"text/plain; charset=ISO-8859-1","fileSize":691,"isImage":false,"length":691,"modDate":1706178717982,"name":"head_localisations.vtl","path":"b/b/bb3b27d4-d2d4-4a27-89c2-8d3a42e13f1c/fileAsset/head_localisations.vtl","sha256":"d3f0f362ecbfa25fb4446e61bf92ddc4e590b66a54c845c5c2c888743690845d","title":"head_localisations.vtl","version":20220201}