{"content":"#*\n    Sync Field\n    Creates a custom field with a button to Synchronize the content from another field\n\n    Custom Field Setup\n    - Add a anchor/placeholder element for the custom field to inject into\n    - Parse this VTL file\n    - Execute the 'cb_sync_field(...)' function to setup the field and functionality\n\n    Example Custom Field\n    <div id=\"cb_anchor1\"></div>\n    #dotParse(\"/application/vtl/custom-fields/sync-field.vtl\")\n    <script>\n        cb_sync_field('#cb_anchor1', '#title', '#displayName');\n    </script>\n*#\n<style>\n    .cb-btn {\n        color: #fff;\n        background-color: #002340;\n        border-color: #26445d;\n        font-weight: 600;\n        padding: 8px;\n        margin-left: 8px;\n        font-family: inherit;\n    }\n    .cb-textbox {\n        width: calc(100% - 60px);\n        font-family: inherit;\n    }\n</style>\n<script>\n    let cb_sync_field = (\n    cb_anchor_fieldName,\n    cb_dotCMS_sync_fieldName,\n    cb_dotCMS_fieldName,\n) => {\n        const copyTo = (from_id, to_id, callback) => {\n            const from_element = document.querySelector(from_id);\n            const to_element = document.querySelector(to_id);\n            if (!from_element || !to_element) {\n                console.error('copyTo: Missing from_id', from_id, from_element, ' or to_id ', to_id, to_element);\n            }\n            to_element.value = from_element.value;\n            if (!!callback) {\n                callback();\n            }\n        };\n\n        const cb_custom_fieldName = cb_dotCMS_fieldName + '_custom';\n\n        // create elements\n        const inp_element = document.createElement('input');\n        inp_element.setAttribute('class', 'dijitTextBox cb-textbox');\n        inp_element.setAttribute('autocomplete', 'off');\n        inp_element.setAttribute('type', 'text');\n        inp_element.setAttribute('tabindex', '0');\n        inp_element.setAttribute('id', cb_custom_fieldName.replace('#', ''));\n        inp_element.setAttribute('required', '');\n\n        const btn_element = document.createElement('button');\n        btn_element.setAttribute('class', 'cb-btn');\n        btn_element.innerText = 'Sync';\n\n        // add elements to page\n        const cb_anchor = document.querySelector(cb_anchor_fieldName);\n        cb_anchor.appendChild(inp_element);\n        cb_anchor.appendChild(btn_element);\n\n        // attach elements\n        const cb_custom_dom = document.querySelector(cb_custom_fieldName);\n\n        // add event handlers\n        const ev_change = new Event('change');\n        inp_element.onchange = () => {\n            copyTo(cb_custom_fieldName, cb_dotCMS_fieldName);\n        };\n        btn_element.onclick = () => {\n            copyTo(cb_dotCMS_sync_fieldName, cb_custom_fieldName, () => {\n                cb_custom_dom.dispatchEvent(ev_change);\n            });\n        };\n\n        // set default value\n        copyTo(cb_dotCMS_fieldName, cb_custom_fieldName);\n};\n</script>\n\n","contentType":"text/plain; charset=ISO-8859-1","fileSize":2913,"isImage":false,"length":2913,"modDate":1705395687158,"name":"sync-field.vtl","path":"0/2/02fb038c-9aec-40c2-a87d-7b40ec5d61fc/fileAsset/sync-field.vtl","sha256":"983dd5dc4570c92e9f83df5250c25c48a4bbbdf2d6c2346b3c989b0cd809b5a5","title":"sync-field.vtl","version":20220201}