{
    "header": true,
    "footer": true,
    "body": {
        "rows": [
            {
                "styleClass": "",
                "columns": [
                    {
                        "leftOffset": 1,
                        "width": 12,
                        "containers": [
                            {
                                "identifier": "//default/application/containers/any-content/",
                                "uuid": "2"
                            }
                        ]
                    }
                ]
            }
        ]
    },
    "sidebar": null
}
