{"content":"#*\n    Youtube Preview field\n    Creates a custom field to preview a Youtube video. This will automatically initialize on load, and when you change the youtubeId field value\n\n    Custom Field Setup\n    - Ensure you have a (text) field in your content type with id youtubeId\n    - Parse this VTL field\n    \n    Example Custom Field\n    #dotParse(\"/application/vtl/custom-fields/youtube-preview.vtl\")\n\n*#\n<style>\n  .videoPreview{width: 500px; height: 350px;overflow: hidden;border: 1px solid #efefef;margin: 10px 0;padding:0;}\n</style>\n\n<script type=\"text/javascript\">\n\tfunction updatePreview(){\n        var url = \"https://www.youtube.com/embed/\" + dojo.byId(\"youtubeId\").value;\n        dijit.byId(\"videoPreview\").set(\"content\", dojo.create(\"iframe\", {\n            \"src\": url + \"?rel=0\",\n            \"style\": \"border: 0; width: 100%; height: 100%\"\n        }));\n    }\n\tdojo.addOnLoad( function(){\n        dojo.byId(\"youtubeId\").onchange = () => {\n            updatePreview();\n        };\n        updatePreview();\n\t});\n\n</script>\n<div>\n    <div id=\"videoPreview\" class=\"videoPreview\" data-dojo-type=\"dijit/layout/ContentPane\"></div>\n</div>\n","contentType":"text/plain; charset=ISO-8859-1","fileSize":1134,"isImage":false,"length":1134,"modDate":1705395687498,"name":"youtube-preview.vtl","path":"6/5/65685ebb-2b88-4b9f-9cbf-4c592ab3af24/fileAsset/youtube-preview.vtl","sha256":"fa204cbec340b40746901d20cb804b3f748b6ade001d3327a3cd13f1abfe9e55","title":"youtube-preview.vtl","version":20220201}