{"content":"#set($itemId = $item.attrs.data.inode)\n#set($titleBanner = $dotcontent.find($itemId))\n\n#dotParse(\"/application/vtl/title-banner/title-banner.vtl\")\n\n","contentType":"text/plain; charset=ISO-8859-1","fileSize":147,"isImage":false,"length":147,"modDate":1705395729809,"name":"dotContent-titlebanner.vtl","path":"6/2/6230c826-d380-4357-aaea-f3d853379894/fileAsset/dotContent-titlebanner.vtl","sha256":"da5e6b846b19c288ea0bcc3f152ca094d879f3aef97d628ffe62b0276d2f2a17","title":"dotContent-titlebanner.vtl","version":20220201}