{"content":"{\n    \"header\": true,\n    \"footer\": true,\n    \"body\": {\n        \"rows\": [\n            {\n                \"columns\": [\n                    {\n                        \"styleClass\": \"yettel-padding-top-100\",\n                        \"leftOffset\": 1,\n                        \"width\": 12,\n                        \"containers\": [\n                            {\n                                \"identifier\": \"//default/application/containers/search-module/\",\n                                \"uuid\": \"2\"\n                            }\n                        ]\n                    }\n                ]\n            },\n            {\n                \"columns\": [\n                    {\n                        \"leftOffset\": 1,\n                        \"width\": 12,\n                        \"containers\": [\n                            {\n                                \"identifier\": \"//default/application/containers/card/\",\n                                \"uuid\": \"3\"\n                            }\n                        ]\n                    }\n                ]\n            }\n        ]\n    },\n    \"sidebar\": null\n}\n\n","contentType":"text/plain; charset=ISO-8859-1","fileSize":1097,"isImage":false,"length":1097,"modDate":1705395738793,"name":"layout.json","path":"8/f/8fb598eb-92d3-48fa-ba8e-11688a4e60ff/fileAsset/layout.json","sha256":"6525c1b74e4f9b066f805d535d7ffff80b133aee767afe876bf8b71c7db7a4cd","title":"layout.json","version":20220201}