{"content":"#set($itemId = $item.attrs.data.inode)\n#set($heroCarousel = $dotcontent.find($itemId))\n\n#dotParse(\"/application/vtl/carousel/hero/hero-carousel.vtl\")\n\n","contentType":"text/plain; charset=ISO-8859-1","fileSize":150,"isImage":false,"length":150,"modDate":1705395727739,"name":"dotContent-herocarousel.vtl","path":"d/9/d947e307-6842-4338-b192-4d3bf3ef4051/fileAsset/dotContent-herocarousel.vtl","sha256":"08e69cadf244595679d06b635d46866c05b0e0e00f191f0facce20185d51f66b","title":"dotContent-herocarousel.vtl","version":20220201}