{"content":"#set($itemId = $item.attrs.data.inode)\n#set($exampleMenu = $dotcontent.find($itemId))\n\n#dotParse(\"/application/vtl/menu/example-menu/example-menu.vtl\")\n\n","contentType":"text/plain; charset=ISO-8859-1","fileSize":152,"isImage":false,"length":152,"modDate":1705395727959,"name":"dotContent-menu.vtl","path":"8/d/8d53b501-b627-423c-90f9-b362993334b0/fileAsset/dotContent-menu.vtl","sha256":"3f681c06b1e2a65193450be97ffc657125296154f1e58f9df89c5ad475b52553","title":"dotContent-menu.vtl","version":20220201}