{"content":"$dotJSON.put(\"title\", \"5G Campaign Page\")\n$dotJSON.put(\"friendly_name\", \"5G Campaign Page\")\n$dotJSON.put(\"theme\", \"38c73ebea654be5f05ea5f14a1263702\")\n\n","contentType":"text/plain; charset=ISO-8859-1","fileSize":150,"isImage":false,"length":150,"modDate":1706185549081,"name":"properties.vtl","path":"7/7/7786985c-1427-4aaf-b8de-42c4fae85281/fileAsset/properties.vtl","sha256":"0ced4a5556cc086012f0e2857e86292b38168e629851235db28f066a1cf2c98a","title":"properties.vtl","version":20220201}