{"content":"\n    \n        #set($headerTag = $slide)\n        #set($headerDefaultSize = \"H2\")\n        #set($headerClass = \"cb-hero-carousel__text__content__title\")\n        #dotParse(\"/application/vtl/common/headerTag.vtl\")\n        #set($descriptionTag = $slide)\n        #set($descriptionClass = \"cb-hero-carousel__text__content__description\")\n        #dotParse(\"/application/vtl/common/descriptionTag.vtl\")\n        #if($UtilMethods.isSet($slide.link))\n            #set($linkItem = $slide.link)\n            #dotParse('/application/vtl/link-item/link-item.vtl')\n        #end\n    \n\n\n\n","contentType":"text/html; charset=ISO-8859-1","fileSize":868,"isImage":false,"length":868,"modDate":1706191860580,"name":"hero-carousel-with-text-image.vtl","path":"7/e/7efbd07f-b3b5-46c9-b07d-00b26cdfb798/fileAsset/hero-carousel-with-text-image.vtl","sha256":"7f3bfe0d44523f2f1e8aa23c8974fbca6d1838cef14883f05f4806561890f986","title":"hero-carousel-with-text-image.vtl","version":20220201}