{"content":"\n    \n        \n    \n    #dotParse(\"/application/vtl/search/header/header.vtl\")\n\n    \n        \n            #if ($UtilMethods.isSet($header.quickLinks))\n                #set($quickLinks = $header.quickLinks)\n                #dotParse(\"/application/vtl/quick-links/quick-links.vtl\")\n            #end\n        \n\n    \n\n\n","contentType":"text/html; charset=ISO-8859-1","fileSize":761,"isImage":false,"length":761,"modDate":1706087908765,"name":"search-modal.vtl","path":"5/a/5afa5ccc-55ec-4f46-8334-c09d36b325e6/fileAsset/search-modal.vtl","sha256":"5324bf9048dc261286581e6cebf73c137c46fe0b2a62d01e0355ccd74ad6f26d","title":"search-modal.vtl","version":20220201}