{"content":"#set($itemId = $item.attrs.data.inode)\n#set($grid = $dotcontent.find($itemId))\n\n#dotParse(\"/application/vtl/grid/static-grid.vtl\")\n\n","contentType":"text/plain; charset=ISO-8859-1","fileSize":131,"isImage":false,"length":131,"modDate":1705395728909,"name":"dotContent-staticgrid.vtl","path":"d/b/dba47186-3bf1-48b8-a674-74d51490fc80/fileAsset/dotContent-staticgrid.vtl","sha256":"d20497714707dd324f6b1b191aacd195c71c9132bfb7c1e517eaa03f66499bb6","title":"dotContent-staticgrid.vtl","version":20220201}