{
    "header": true,
    "footer": true,
    "body": {
        "rows": [
            {
                "styleClass": "yettel-padding-bottom-3",
                "columns": [
                    {
                        "leftOffset": 1,
                        "width": 12,
                        "styleClass": "",
                        "containers": [
                            {
                                "identifier": "//default/application/containers/carousel/",
                                "uuid": "1"
                            }
                        ]
                    }
                ]
            },
            {
                "styleClass": "yettel-padding-bottom-3",
                "columns": [
                    {
                        "leftOffset": 1,
                        "width": 3,
                        "styleClass": "",
                        "containers": [
                            {
                                "identifier": "//default/application/containers/card/",
                                "uuid": "2"
                            }
                        ]
                    },
                    {
                        "leftOffset": 4,
                        "width": 3,
                        "styleClass": "",
                        "containers": [
                            {
                                "identifier": "//default/application/containers/card/",
                                "uuid": "3"
                            }
                        ]
                    },
                    {
                        "leftOffset": 7,
                        "width": 3,
                        "styleClass": "",
                        "containers": [
                            {
                                "identifier": "//default/application/containers/card/",
                                "uuid": "4"
                            }
                        ]
                    },
                    {
                        "leftOffset": 10,
                        "width": 3,
                        "styleClass": "",
                        "containers": [
                            {
                                "identifier": "//default/application/containers/card/",
                                "uuid": "5"
                            }
                        ]
                    }
                ]
            },
            {
                "styleClass": "yettel-padding-bottom-3 yettel-padding-top-3 background-color--yettel-sky",
                "columns": [
                    {
                        "leftOffset": 1,
                        "width": 12,
                        "styleClass": "",
                        "containers": [
                            {
                                "identifier": "//default/application/containers/carousel/",
                                "uuid": "6"
                            }
                        ]
                    }
                ]
            },
            {
                "styleClass": "",
                "columns": [
                    {
                        "leftOffset": 1,
                        "width": 12,
                        "styleClass": "",
                        "containers": [
                            {
                                "identifier": "//default/application/containers/banner/",
                                "uuid": "7"
                            }
                        ]
                    }
                ]
            },
            {
                "styleClass": "",
                "columns": [
                    {
                        "leftOffset": 1,
                        "width": 12,
                        "styleClass": "",
                        "containers": [
                            {
                                "identifier": "//default/application/containers/banner/",
                                "uuid": "8"
                            }
                        ]
                    }
                ]
            }
        ]
    },
    "sidebar": null
}
