{"content":"#if($UtilMethods.isSet($messageBoxBanner))\n<a id=\"anchor-content-$!{messageBoxBanner.identifier}\" class=\"content-anchor\"></a>\n<div class=\"cb-messagebox-banner $!{messageBoxBanner.bannerTheme} $!{messageBoxBanner.layout} $!{messageBoxBanner.textAlignment.selectValue}\">\n       #if($UtilMethods.isSet($messageBoxBanner.icon))\n            <div class=\"cb-messagebox-banner__label\">\n                <img alt=\"$!{messageBoxBanner.displayTitle}\" src=\"$!{messageBoxBanner.icon.shortyUrl}\"/>\n            </div>\n        #end\n\n        #set($headerTag = $messageBoxBanner)\n        #set($headerDefaultSize = \"H2\")\n        #set($headerClass = \"cb-messagebox-banner__title\")\n        #dotParse(\"/application/vtl/common/headerTag.vtl\")\n\n        #set($descriptionTag = $messageBoxBanner)\n        #set($descriptionClass = \"cb-messagebox-banner__description cb-rtf\")\n        #dotParse(\"/application/vtl/common/descriptionTag.vtl\")\n\n        #if($UtilMethods.isSet($messageBoxBanner.messageLink))\n            #set($linkItem = $messageBoxBanner.messageLink)\n            #dotParse(\"/application/vtl/link-item/link-item.vtl\")\n        #end\n        #if($UtilMethods.isSet($messageBoxBanner.boxes))\n            <div class=\"cb-messagebox-banner__container $!{messageBoxBanner.cardWidth.selectValue}\">\n                #foreach($messageBoxCard in $messageBoxBanner.boxes)\n                    #dotParse(\"/application/vtl/card/messagebox/messagebox-card.vtl\")\n                #end\n            </div>\n        #end\n        #if($UtilMethods.isSet($messageBoxBanner.messageLinkBottom))\n            #set($linkItem = $messageBoxBanner.messageLinkBottom)\n            #dotParse(\"/application/vtl/link-item/link-item.vtl\")\n        #end\n        #if($UtilMethods.isSet($messageBoxBanner.disclaimer))\n            <div class=\"cb-messagebox-banner__disclaimer cb-rtf\">$!{messageBoxBanner.disclaimer}</div>\n        #end\n</div>\n#end\n\n","contentType":"text/plain; charset=ISO-8859-1","fileSize":1884,"isImage":false,"length":1884,"modDate":1706193143790,"name":"messagebox-banner.vtl","path":"9/9/99e58cae-c755-4c04-a010-98ca701961f0/fileAsset/messagebox-banner.vtl","sha256":"6b0580c9ff7f55e413679fb11013c69e780e83aa1ceecbfef644ac4941e697e4","title":"messagebox-banner.vtl","version":20220201}