{"content":"#set($cusFieldVarNamePrimary = \"displayTitle_custom\")\n#set($cusFieldVarNameSecondary = \"title\")\n<script>\n    let cyrillic_map = {\n        'Ё': 'YO',\n        'Й': 'Y',\n        'Ц': 'TS',\n        'У': 'U',\n        'К': 'K',\n        'Е': 'E',\n        'Н': 'N',\n        'Г': 'G',\n        'Ш': 'SH',\n        'Щ': 'SHT',\n        'З': 'Z',\n        'Х': 'H',\n        'Ъ': 'A',\n        'ё': 'yo',\n        'й': 'y',\n        'ц': 'ts',\n        'у': 'u',\n        'к': 'k',\n        'е': 'e',\n        'н': 'n',\n        'г': 'g',\n        'ш': 'sh',\n        'щ': 'sht',\n        'з': 'z',\n        'х': 'h',\n        'ъ': 'a',\n        'Ф': 'F',\n        'Ы': 'I',\n        'В': 'V',\n        'А': 'A',\n        'П': 'P',\n        'Р': 'R',\n        'О': 'O',\n        'Л': 'L',\n        'Д': 'D',\n        'Ж': 'ZH',\n        'Э': 'E',\n        'ф': 'f',\n        'ы': 'i',\n        'в': 'v',\n        'а': 'a',\n        'п': 'p',\n        'р': 'r',\n        'о': 'o',\n        'л': 'l',\n        'д': 'd',\n        'ж': 'zh',\n        'э': 'e',\n        'Я': 'YA',\n        'Ч': 'CH',\n        'С': 'S',\n        'М': 'M',\n        'И': 'I',\n        'Т': 'T',\n        'Ь': 'Y',\n        'Б': 'B',\n        'Ю': 'YU',\n        'я': 'ya',\n        'ч': 'ch',\n        'с': 's',\n        'м': 'm',\n        'и': 'i',\n        'т': 't',\n        'ь': 'y',\n        'б': 'b',\n        'ю': 'yu'\n    };\n\n    function transliterate(word){\n        return word.split('').map(function (char) {\n            return cyrillic_map[char] || char;\n        }).join(\"\");\n    }\n\n    function updateDisplayUrlTitle() {\n        // get the title entered by the user\n        let plainTitle = dojo.byId(\"$cusFieldVarNamePrimary\");\n\n        if (plainTitle === undefined || plainTitle.value.length === 0) {\n            plainTitle = dojo.byId(\"$cusFieldVarNameSecondary\");\n        }\n\n        if (plainTitle === undefined || plainTitle.value.length === 0) {\n            dojo.byId(\"displayurltitle\").innerHTML = \"\";\n            dojo.byId(\"urltitle\").value = \"\";\n            return;\n        }\n\n        // make a friendly url\n        let urlTitle = transliterate(plainTitle.value);\n        urlTitle = urlTitle.replace(/\\s/g, \"-\");\n        urlTitle = urlTitle.replace(/[^a-zA-Z0-9\\-]+/g, '');\n\n        while (urlTitle.indexOf(\"--\") > -1) {\n            urlTitle = urlTitle.replaceAll(\"--\", '-');\n        }\n\n        // remove start and end hyphens (trim)\n        urlTitle = urlTitle.replace(/^-*|-*$/g, '');\n        urlTitle = urlTitle.toLowerCase();\n\n        // set the values of the display placeholder and the custom field\n        // the   is to hold the div open\n        dojo.byId(\"displayurltitle\").innerHTML = urlTitle;\n        dojo.byId(\"urlTitle\").value = urlTitle;\n    }\n\n    // attach this the text1 field onchange\n    dojo.addOnLoad(function () {\n        dojo.connect(dojo.byId(\"$cusFieldVarNamePrimary\"), \"onchange\", null, \"updateDisplayUrlTitle\");\n        dojo.connect(dojo.byId(\"$cusFieldVarNameSecondary\"), \"onchange\", null, \"updateDisplayUrlTitle\");\n    });\n\n    // populate the field on load\n    dojo.addOnLoad(updateDisplayUrlTitle);\n</script>\n<div id=\"displayurltitle\"  style=\"line-height:34px;padding:0 8px;background-color:#fff;border-radius:2px;border:solid 1px #C5C5C5;\"></div>\n\n","contentType":"text/plain; charset=UTF-8","fileSize":3277,"isImage":false,"length":3277,"modDate":1705395687278,"name":"url-title.vtl","path":"c/a/ca819993-a48e-4892-9acb-769df792dd8d/fileAsset/url-title.vtl","sha256":"2ed572d71ead41352f76f8f211847c17bded9357278fe590c6ea3d8313d56384","title":"url-title.vtl","version":20220201}