{"content":"#set($itemId = $item.attrs.data.inode)\n#set($categoriesBanner = $dotcontent.find($itemId))\n\n#dotParse(\"/application/vtl/banner/categories/categories-banner.vtl\")\n\n","contentType":"text/plain; charset=ISO-8859-1","fileSize":162,"isImage":false,"length":162,"modDate":1705395726959,"name":"dotContent-categoriesbanner.vtl","path":"2/9/29010db6-eaef-4ce3-a48c-f91a02d9a61a/fileAsset/dotContent-categoriesbanner.vtl","sha256":"4eda9c4c27fa046bdf082e27bd9c7ba020c2c821dac5843252f4460abef3e841","title":"dotContent-categoriesbanner.vtl","version":20220201}