{"content":"<style>\n\t.layoutWrapper {\n\t\twidth: 825px;\n\t\tborder: 1px solid #ededed;\n\t\tpadding:15px;\n\t}\n\t.layouts {\n\t\tdisplay: flex;\n\t\tflex-wrap: wrap;\n\t\tjustify-content: left;\n\t\toverflow: scroll;\n\t\tmax-height: 450px;\n\t}\n\t.layoutOption {\n\t\tmargin: 10px 0;\n\t\tborder: solid 3px #fff;\n\t\ttext-align: center;\n\t\twidth: 380px;\n\t}\n\t.layoutOption img {\n\t\twidth: 100%;\n\t}\n\t.layoutOption:hover{\n\t\tborder: solid 3px #dfdfdf;\n\t}\n\t.layoutWrapper a.active {\n\t\tborder: solid 3px #F5863B;\n\t}\n</style>\n\n\n<script>\n\tdojo.addOnLoad( function(){\n\t\tvar x = dojo.byId(\"layout\").value;\n\t\tif(x != \"\"){\n\t\t\tdijit.byId(\"layoutSelect\").setValue(x);\n\t\t\tdojo.addClass(\"layout\" + x, \"active\");\n\t\t}\n\t});\n\n\tfunction setLayout(x){\n\t\tdojo.query(\"#layouts a\").removeClass(\"active\");\n\t\tdojo.addClass(\"layout\" + x, \"active\");\n\t\tdojo.byId(\"layout\").value = x;\n\t\tdojo.byId(\"layoutSelect\").value = x;\n\t\tdijit.byId(\"layoutDialog\").hide();\n\t}\n\n\tfunction openDialog(){\n\t\tdijit.byId(\"layoutDialog\").show();\n\t}\n</script>\n\n\n<input id=\"layoutSelect\" dojoType=\"dijit.form.TextBox\" readonly=\"readonly\" name=\"layoutSelect\" type=\"text\" onclick=\"openDialog();\" style=\"width: 170px;\">\n<button id=\"buttonOne\" dojoType=\"dijit.form.Button\" type=\"button\" iconClass=\"contentIcon\" onclick=\"openDialog();\">Select Card Layout</button>\n\n<div id=\"layoutDialog\" data-dojo-type=\"dijit.Dialog\" title=\"Grid Card Layout\">\n\t<div class=\"layoutWrapper\">\n\t\t<div id=\"layouts\" class=\"layouts\">\n\t\t\t<a id=\"layout1\" onclick=\"setLayout('1');\" class=\"layoutOption\"><img src=\"/application/vtl/custom-fields/layouts/static-grid/layout-1.jpg\"></a>\n\t\t\t<a id=\"layout2\" onclick=\"setLayout('2');\" class=\"layoutOption\"><img src=\"/application/vtl/custom-fields/layouts/static-grid/layout-2.jpg\"></a>\n\t\t</div>\n\t</div>\n</div>\n\n","contentType":"text/plain; charset=ISO-8859-1","fileSize":1719,"isImage":false,"length":1719,"modDate":1705395686418,"name":"static-grid-card-variation.vtl","path":"3/1/31f65618-a314-44fb-ab8b-e56cbbebe614/fileAsset/static-grid-card-variation.vtl","sha256":"d56b7659148dad2a08bd348cbd80d7a2d5c670c6accc22a1d7bddace84582360","title":"static-grid-card-variation.vtl","version":20220201}