{"content":"#if($dotThemeLayout.body.rows)\n    #set ($firstItemOnPage = true)\n    #set($rowCount = 0)\n    #foreach($row in $dotThemeLayout.body.rows)\n        #set($rowCount = $rowCount + 1)\n        #set($rowStyleClass = $row.styleClass)\n\n        #if($rowCount == 1 && ($UtilMethods.isSet($dotPageContent.showBreadcrumb.selectedValues) ||\n            $UtilMethods.isSet($dotPageContent.displayTitle)))\n            #set ($firstItemOnPage = false)\n\n            <section class=\"section section-$!{rowCount}\" id=\"anchor-section-breadcrumb\">\n                <div class=\"row\">\n                    <div class=\"col-lg-12\">\n                        #dotParse('/application/themes/contentbloom/partial/content/breadcrumb.vtl')\n                    </div>\n                </div>\n            </section>\n\n            #set($rowCount = $rowCount + 1)\n            #set($rowStyleClass = \"\")\n        #end\n\n        #set($rowLeftOffset = 1)\n        #set($rowClass = \"row\")\n        #if ($row.columns.size() > 1)\n            #set($rowClass = \"row multi-column\")\n            #set ($firstItemOnPage = false)\n        #end\n        #foreach($column in $row.columns)\n            #if($velocityCount == 1)\n                <section class=\"section $!{rowStyleClass} section-$!{rowCount}\" id=\"anchor-section-$!{rowCount}\">\n                    <div class=\"$!{rowClass}\">\n            #end\n\n            #set($currentColumnSpan = \"col-lg-$!{column.width}\")\n            #set($offset = 0)\n\n            #if($rowLeftOffset == $column.leftOffset)\n                #set($columnOffset = \"\")\n            #else\n                #set($offset = $column.leftOffset - $rowLeftOffset)\n                #set($columnOffset = \"offset-lg-$!{offset}\")\n            #end\n\n            #set($rowLeftOffset = $rowLeftOffset + $column.width + $offset)\n\n            <div class=\"$!{currentColumnSpan} $!{columnOffset} $!{column.styleClass}\">\n                #if ($firstItemOnPage == true)\n                    #set ($topClass = \"ftp\")\n                #else\n                    #set ($topClass = \"\")\n                #end\n                $render.eval($column.draw())\n            </div>\n\n            #if($velocityCount == $row.columns.size())\n                    </div>\n                </section>\n            #end\n        #end\n        #set ($firstItemOnPage = false)\n    #end\n#end\n\n","contentType":"text/plain; charset=ISO-8859-1","fileSize":2295,"isImage":false,"length":2295,"modDate":1706095024460,"name":"content-inner.vtl","path":"4/8/48437af6-9de7-474f-a2cb-a78eb66cc996/fileAsset/content-inner.vtl","sha256":"31a93807c407a0b8cccb66ce01ad1d7b48285d475a6f038be3adc360d5a8f5da","title":"content-inner.vtl","version":20220201}