{"content":"#set($cssFileInode = $webapi.getAssetInode(\"${dotTheme.path}static/bundle.css\"))\n\n<link rel=\"stylesheet\" href=\"/dA/$!{cssFileInode}/bundle.css\"/>\n\n","contentType":"text/plain; charset=ISO-8859-1","fileSize":146,"isImage":false,"length":146,"modDate":1706087907785,"name":"head_stylesheet.vtl","path":"2/4/24a6069e-52eb-4728-89e6-ba52a3e77cd3/fileAsset/head_stylesheet.vtl","sha256":"1b133df508ff9612a86f982c137d4502a6e4220db1eba39b4c2fe7667a8e6b04","title":"head_stylesheet.vtl","version":20220201}