{"content":"{\n    \"header\": true,\n    \"footer\": true,\n    \"body\": {\n        \"rows\": [\n            {\n                \"styleClass\": \"\",\n                \"columns\": [\n                    {\n                        \"leftOffset\": 1,\n                        \"width\": 12,\n                        \"containers\": [\n                            {\n                                \"identifier\": \"//default/application/containers/any-content/\",\n                                \"uuid\": \"2\"\n                            }\n                        ]\n                    }\n                ]\n            }\n        ]\n    },\n    \"sidebar\": null\n}\n\n","contentType":"text/plain; charset=ISO-8859-1","fileSize":609,"isImage":false,"length":609,"modDate":1705395736149,"name":"layout.json","path":"4/2/42e2502e-3a87-434d-9090-32978ccd0454/fileAsset/layout.json","sha256":"be88d438c1ad2da3c2e1992dd6337764cf51dfa2a03622e479c145dc4bc79a10","title":"layout.json","version":20220201}