{"content":"#set($itemId = $item.attrs.data.inode)\n#set($flexibleBanner = $dotcontent.find($itemId))\n\n#dotParse(\"/application/vtl/banner/flexible/flexible-banner.vtl\")\n\n","contentType":"text/plain; charset=ISO-8859-1","fileSize":156,"isImage":false,"length":156,"modDate":1705395727579,"name":"dotContent-flexiblebanner.vtl","path":"c/8/c81934d8-f6fb-45aa-83c7-08e804845495/fileAsset/dotContent-flexiblebanner.vtl","sha256":"453041bffcdf77d6f16790f4294428448a898a0ffbf199de57aa7793e0ddfd20","title":"dotContent-flexiblebanner.vtl","version":20220201}