{"content":"<svg width=\"28\" height=\"28\" viewBox=\"0 0 28 28\" fill=\"none\" xmlns=\"http://www.w3.org/2000/svg\">\n    <path d=\"M18.6603 13.3326C19.1159 13.7883 19.1159 14.527 18.6603 14.9826L11.1607 22.4822L9.51074 20.8323L16.1854 14.1576L9.51074 7.48292L11.1607 5.83301L18.6603 13.3326Z\" fill=\"currentColor\"/>\n</svg>\n\n","contentType":"text/plain; charset=ISO-8859-1","fileSize":300,"isImage":false,"length":300,"modDate":1705395730949,"name":"chevron.vtl","path":"d/f/df7772d0-0ca7-4a95-8588-209e0532b8bd/fileAsset/chevron.vtl","sha256":"68575da7fcc2b7bdd36b11edd1a383fda9392fae37300f930cf2ce4288bc9a8b","title":"chevron.vtl","version":20220201}