{"content":"#if($UtilMethods.isSet($disclaimerTag) && $UtilMethods.isSet($disclaimerTag.disclaimer))\n    <div class=\"$!{disclaimerTag.textAlignment.selectValue} $!{disclaimerClass}\">\n        $!{disclaimerTag.disclaimer} \n    </div>\n#end\n\n","contentType":"text/plain; charset=ISO-8859-1","fileSize":225,"isImage":false,"length":225,"modDate":1705395731079,"name":"disclaimerTag.vtl","path":"9/5/9549747d-ae18-49a0-b383-2e40d9ccf35c/fileAsset/disclaimerTag.vtl","sha256":"22dbdce006ab5c647223e9e744df898da9b4dc3d89c486a77d7ee722f3ef1597","title":"disclaimerTag.vtl","version":20220201}