{"content":"#if($UtilMethods.isSet($configuration.googleAnalyticsId))\n<noscript>\n    <iframe src=\"https://www.googletagmanager.com/ns.html?id=$!{configuration.googleAnalyticsId}\" height=\"0\" width=\"0\" style=\"display:none;visibility:hidden\"></iframe>\n</noscript>\n#end\n\n","contentType":"text/plain; charset=ISO-8859-1","fileSize":254,"isImage":false,"length":254,"modDate":1706178718432,"name":"body_tagmanager.vtl","path":"c/c/cc96dda6-3dd1-4bc6-b54e-d984f42a83b7/fileAsset/body_tagmanager.vtl","sha256":"13168175a438e922a7ed0aee5b28f9212942fadc2a8f894ea78f23aef5de999e","title":"body_tagmanager.vtl","version":20220201}