{"content":"<style>\n\t.mobileTableVariationWrapper {\n\t\twidth: 825px;\n\t\tborder: 1px solid #ededed;\n\t\tpadding:15px;\n\t}\n\t.mobileTableVariations {\n\t\tdisplay: flex;\n\t\tflex-wrap: wrap;\n\t\tjustify-content: space-around;\n\t\toverflow: scroll;\n\t\tmax-height: 450px;\n\t}\n\t.mobileTableVariationOption {\n\t\tmargin: 10px 0;\n\t\tborder: solid 3px #fff;\n\t\ttext-align: center;\n\t\twidth: 380px;\n\t}\n\t.mobileTableVariationOption img {\n\t\twidth: 100%;\n\t}\n\t.mobileTableVariationOption:hover{\n\t\tborder: solid 3px #dfdfdf;\n\t}\n\t.mobileTableVariations a.active {\n\t\tborder: solid 3px #F5863B;\n\t}\n</style>\n\n\n<script>\n\tdojo.addOnLoad( function(){\n\t\tvar x = dojo.byId(\"mobileTableVariation\").value;\n\t\tif(x != \"\"){\n\t\t\tdijit.byId(\"mobileTableVariationSelect\").setValue(x);\n\t\t\tdojo.addClass(\"mobileTableVariation\" + x, \"active\");\n\t\t}\n\t});\n\n\tfunction setMobileTableVariation(x){\n\t\tdojo.query(\"#mobileTableVariations a\").removeClass(\"active\");\n\t\tdojo.addClass(\"mobileTableVariation\" + x, \"active\");\n\t\tdojo.byId(\"mobileTableVariation\").value = x;\n\t\tdojo.byId(\"mobileTableVariationSelect\").value = x;\n\t\tdijit.byId(\"mobileTableVariationDialog\").hide();\n\t}\n\n\tfunction openDialog(){\n\t\tdijit.byId(\"mobileTableVariationDialog\").show();\n\t}\n</script>\n\n\n<input id=\"mobileTableVariationSelect\" dojoType=\"dijit.form.TextBox\" readonly=\"readonly\" name=\"mobileTableVariationSelect\" type=\"text\" onclick=\"openDialog();\" style=\"width: 170px;\">\n<button id=\"buttonOne\" dojoType=\"dijit.form.Button\" type=\"button\" iconClass=\"contentIcon\" onclick=\"openDialog();\">Select Mobile Variation</button>\n\n<div id=\"mobileTableVariationDialog\" data-dojo-type=\"dijit.Dialog\" title=\"Mobile Table Variation\">\n\t<div class=\"mobileTableVariationWrapper\">\n\t\t<div id=\"mobileTableVariations\" class=\"mobileTableVariations\">\n\t\t\t<a id=\"mobileTableVariation0\" onclick=\"setMobileTableVariation('0');\" class=\"mobileTableVariationOption\"><img src=\"/application/vtl/custom-fields/layouts/mobile-table/variation-0.jpg\"></a>\n\t\t\t<a id=\"mobileTableVariation1\" onclick=\"setMobileTableVariation('1');\" class=\"mobileTableVariationOption\"><img src=\"/application/vtl/custom-fields/layouts/mobile-table/variation-1.jpg\"></a>\n\t\t\t<a id=\"mobileTableVariation2\" onclick=\"setMobileTableVariation('2');\" class=\"mobileTableVariationOption\"><img src=\"/application/vtl/custom-fields/layouts/mobile-table/variation-2.jpg\"></a>\n\t\t\t<a id=\"mobileTableVariation3\" onclick=\"setMobileTableVariation('3');\" class=\"mobileTableVariationOption\"><img src=\"/application/vtl/custom-fields/layouts/mobile-table/variation-3.jpg\"></a>\n\t\t\t<a id=\"mobileTableVariation4\" onclick=\"setMobileTableVariation('4');\" class=\"mobileTableVariationOption\"><img src=\"/application/vtl/custom-fields/layouts/mobile-table/variation-4.jpg\"></a>\n            <a id=\"mobileTableVariation5\" onclick=\"setMobileTableVariation('5');\" class=\"mobileTableVariationOption\"><img src=\"/application/vtl/custom-fields/layouts/mobile-table/variation-5.jpg\"></a>\n\t\t</div>\n\t</div>\n</div>\n\n","contentType":"text/plain; charset=ISO-8859-1","fileSize":2909,"isImage":false,"length":2909,"modDate":1705395686258,"name":"mobile-table-variation.vtl","path":"6/6/66784eb1-a754-40f9-9720-2626902b4538/fileAsset/mobile-table-variation.vtl","sha256":"237621c6a1882549c56e93c637e55bcec9362198528162e8d61146f9922fcf71","title":"mobile-table-variation.vtl","version":20220201}