{"content":"######### Content Output ########\n<meta property=\"og:locale\" content=\"$!{currentLanguage.languageCode}_$!{currentLanguage.getCountryCode().toUpperCase()}\"/>\n#if($UtilMethods.isSet($seoContent.ogSiteName))\n    <meta property=\"og:site_name\" content=\"$!{seoContent.ogSiteName}\"/>\n#elseif($UtilMethods.isSet($configuration.ogSiteName))\n    <meta property=\"og:site_name\" content=\"$!{configuration.ogSiteName}\"/>\n#end\n#if($UtilMethods.isSet($seoContent.ogUrl))\n    <meta property=\"og:url\" content=\"$!{seoContent.ogUrl}\"/>\n#elseif($UtilMethods.isSet($seoCanonical))\n    <meta property=\"og:url\" content=\"$!{seoCanonical}\"/>\n#end\n#if($UtilMethods.isSet($seoContent.ogTitle))\n    <meta property=\"og:title\" content=\"$!{UtilMethods.truncatify($!seoContent.ogTitle, 55)}\"/>\n#else\n    #set ($ogTitleInherited = \"#getItem($!seoContent.seoTitle, $!configuration.ogTitle)\")\n    <meta property=\"og:title\" content=\"$!{UtilMethods.truncatify($!ogTitleInherited, 55)}\"/>\n#end\n#if($UtilMethods.isSet($seoContent.ogDescription))\n    <meta property=\"og:description\" content=\"$!{UtilMethods.truncatify($!seoContent.ogDescription, 55)}\"/>\n#else\n    #set ($ogDescriptionInherited = \"#getItem($!seoDescription, $!configuration.ogDescription)\")\n    <meta property=\"og:description\" content=\"$!{UtilMethods.truncatify($!ogDescriptionInherited, 55)}\"/>\n#end\n#if($UtilMethods.isSet($seoContent.ogImage))\n    <meta property=\"og:image\" content=\"https://$!{configuration.publicFullHostname}$!{seoContent.ogImage.shortyUrl}/jpeg/90q\"/>\n#elseif($UtilMethods.isSet($configuration.ogImage))\n    <meta property=\"og:image\" content=\"https://$!{configuration.publicFullHostname}$!{configuration.ogImage.shortyUrl}/jpeg/90q\"/>\n#end\n\n","contentType":"text/plain; charset=ISO-8859-1","fileSize":1687,"isImage":false,"length":1687,"modDate":1706087907625,"name":"head_opengraph.vtl","path":"2/c/2c8e170b-a1ca-4077-8f1d-a9080b0219e8/fileAsset/head_opengraph.vtl","sha256":"b8a6914693d4d86bacea3a37aee487ff2c6a7246c20f1d91ccc0c9bb8a52120e","title":"head_opengraph.vtl","version":20220201}