{"content":"#set($jsFileInode = $webapi.getAssetInode(\"${dotTheme.path}static/bundle.js\"))\n<script defer src=\"/dA/$!{jsFileInode}/bundle.js\"></script>\n\n","contentType":"text/plain; charset=ISO-8859-1","fileSize":139,"isImage":false,"length":139,"modDate":1706178718392,"name":"body_scripts.vtl","path":"4/6/466f2e24-c1dd-4270-8ac4-2fa2ffedfd34/fileAsset/body_scripts.vtl","sha256":"476de2015efe4f6525cc2b902bcc9dfef398a9a085aa6e06ac942b150921f673","title":"body_scripts.vtl","version":20220201}