{"content":"#set($itemId = $item.attrs.data.inode)\n#set($recommendationCard = $dotcontent.find($itemId))\n\n#dotParse(\"/application/vtl/card/recommendation/recommendation-card.vtl\")\n\n","contentType":"text/plain; charset=ISO-8859-1","fileSize":168,"isImage":false,"length":168,"modDate":1705395728739,"name":"dotContent-recommendationcard.vtl","path":"b/4/b477435a-2f18-441d-82cd-35ae1e8054a4/fileAsset/dotContent-recommendationcard.vtl","sha256":"153925107787393e6f087482be9804583f23eca65c20885e7a4519fab024f94b","title":"dotContent-recommendationcard.vtl","version":20220201}