{"content":"<style>\n\t.layoutWrapper {\n\t\twidth: 825px;\n\t\tborder: 1px solid #ededed;\n\t\tpadding:15px;\n\t}\n\t.layouts {\n\t\tdisplay: flex;\n\t\tflex-wrap: wrap;\n\t\tjustify-content: space-around;\n\t\toverflow: scroll;\n\t\tmax-height: 450px;\n\t}\n\t.layoutOption {\n\t\tmargin: 10px 0;\n\t\tborder: solid 3px #fff;\n\t\ttext-align: center;\n\t\twidth: 380px;\n\t}\n\t.layoutOption img {\n\t\twidth: 100%;\n\t}\n\t.layoutOption:hover{\n\t\tborder: solid 3px #dfdfdf;\n\t}\n    .layoutWrapper a.active {\n\t\tborder: solid 3px #F5863B;\n\t}\n</style>\n\n\n<script>\n\tdojo.addOnLoad( function(){\n\t\tvar x = dojo.byId(\"layout\").value;\n\t\tif(x != \"\"){\n\t\t\tdijit.byId(\"layoutSelect\").setValue(x);\n\t\t\tdojo.addClass(\"layout\" + x, \"active\");\n\t\t}\n\t});\n\n\tfunction setLayout(x){\n\t\tdojo.query(\"#layouts a\").removeClass(\"active\");\n\t\tdojo.addClass(x, \"active\");\n\t\tdojo.byId(\"layout\").value = x;\n\t\tdojo.byId(\"layoutSelect\").value = x;\n\t\tdijit.byId(\"layoutDialog\").hide();\n\t}\n\n\tfunction openDialog(){\n\t\tdijit.byId(\"layoutDialog\").show();\n\t}\n</script>\n\n\n<input id=\"layoutSelect\" dojoType=\"dijit.form.TextBox\" readonly=\"readonly\" name=\"layoutSelect\" type=\"text\" onclick=\"openDialog();\" style=\"width: 170px;\">\n<button id=\"buttonOne\" dojoType=\"dijit.form.Button\" type=\"button\" iconClass=\"contentIcon\" onclick=\"openDialog();\">Change Layout</button>\n\n<div id=\"layoutDialog\" data-dojo-type=\"dijit.Dialog\" title=\"Message Box Banner Layout\">\n\t<div class=\"layoutWrapper\">\n\t\t<div id=\"layouts\" class=\"layouts\">\n\t\t\t<a id=\"leftAlignedLayout\" onclick=\"setLayout('leftAlignedLayout');\" class=\"layoutOption\"><img src=\"/application/vtl/custom-fields/layouts/message-card-banner/layout-1.jpg\"></a>\n\t\t\t<a id=\"centerAlignedLayout\" onclick=\"setLayout('centerAlignedLayout');\" class=\"layoutOption\"><img src=\"/application/vtl/custom-fields/layouts/message-card-banner/layout-2.jpg\"></a>\n\t\t</div>\n\t</div>\n</div>\n\n","contentType":"text/plain; charset=ISO-8859-1","fileSize":1795,"isImage":false,"length":1795,"modDate":1705395686068,"name":"message-card-banner-variation.vtl","path":"5/b/5bda93bd-82a7-4cd9-bf4f-d3d624f8b45b/fileAsset/message-card-banner-variation.vtl","sha256":"b474398b0f6b08831746e71f35ae10d64b6dac3736d5e50ad20b52848d17f457","title":"message-card-banner-variation.vtl","version":20220201}