{"content":"#set($itemId = $item.attrs.data.inode)\n#set($table = $dotcontent.find($itemId))\n\n#dotParse(\"/application/vtl/table/table.vtl\")\n\n","contentType":"text/plain; charset=ISO-8859-1","fileSize":127,"isImage":false,"length":127,"modDate":1705395729239,"name":"dotContent-table.vtl","path":"6/6/662cba6b-785a-479e-92b6-018bf0f59b1c/fileAsset/dotContent-table.vtl","sha256":"4e0116a46ae12f6e251dfe86529a2af12eb5af4f3622a4db0f9f6336c7160540","title":"dotContent-table.vtl","version":20220201}