{"content":"#set($itemId = $item.attrs.data.inode)\n#set($productCard = $dotcontent.find($itemId))\n\n#dotParse(\"/application/vtl/card/product/product-card.vtl\")\n\n","contentType":"text/plain; charset=ISO-8859-1","fileSize":147,"isImage":false,"length":147,"modDate":1705395728459,"name":"dotContent-productcard.vtl","path":"a/9/a9bc3ae9-7410-4702-b4bc-5bb32d65f3d3/fileAsset/dotContent-productcard.vtl","sha256":"9cfc2cfdb3b86f121f608123b95de2c0aa3370aa57fd78c81a4f0cfe5b9ad7c8","title":"dotContent-productcard.vtl","version":20220201}