{"content":"<svg width=\"28\" height=\"28\" viewBox=\"0 0 28 28\" fill=\"none\" xmlns=\"http://www.w3.org/2000/svg\">\n    <path d=\"M8.68644 14.9826C8.23082 14.527 8.23082 13.7883 8.68644 13.3326L16.1861 5.83301L17.836 7.48292L11.1613 14.1576L17.836 20.8323L16.1861 22.4822L8.68644 14.9826Z\" fill=\"#ffffff\"/>\n</svg>\n\n","contentType":"text/plain; charset=ISO-8859-1","fileSize":293,"height":28,"isImage":true,"length":293,"modDate":1706087902655,"name":"chevron-left-white.svg","path":"7/0/703c576c-36e4-4ecb-818e-dac8f8bd9de6/fileAsset/chevron-left-white.svg","sha256":"53d4f6a31071a7b10a1c1c1176a8aff57e592ff60fa86054eaeb04fb8c72785c","title":"chevron-left-white.svg","version":20220201,"width":28}