{"content":"#set($logoLink = $cbhelper.getLanguagePath($language) + \"/\")\n\n<section class=\"yettel-footer__container\">\n    <a aria-label=\"Yettel\" href=\"$!{logoLink}\">\n        <img alt=\"Yettel Logo\" class=\"yettel-footer__logo\" src=\"$!{dotTheme.assets}assets/business/yettel-logo.svg\"/>\n    </a>\n\n    <div class=\"yettel-footer__content\">\n        #foreach($linkList in $footer.linkLists)\n            #set ($linkListTitle = \"#getItem($!linkList.displayTitle, $linkList.title)\")\n            <div class=\"yettel-footer-group\">\n                <h4 class=\"yettel-footer-group__title\" onclick=\"yettel.onFooterItemClick(this)\">\n                    $!{linkListTitle}\n\n                    <img alt=\"Down icon\" class=\"yettel-footer-group__title__icon\"/>\n                </h4>\n\n                <div class=\"yettel-footer-group__content\">\n                    #foreach($linkItem in $linkList.linkItems)\n                        #dotParse(\"/application/vtl/link-item/link-item.vtl\")\n                    #end\n                </div>\n            </div>\n        #end\n    </div>\n\n    #set ($showContact = $UtilMethods.isSet($footer.phoneNumber) || $UtilMethods.isSet($footer.emailAddress))\n    <div class=\"yettel-footer-newsletter\">\n        #if ($showContact == true)\n            <h4>$!{text.get(\"yettel.contact\")}</h4>\n            <div>\n                #if ($UtilMethods.isSet($footer.phoneNumber))\n                    <p data-testid=\"footer-newsletter-phone\">\n                        $!{text.get(\"yettel.phone\")}:\n                        <a href=\"tel:$!{footer.phoneNumber}\" class=\"yettel-link-item yettel__text\">$!{footer.phoneNumber}</a>\n                    </p>\n                #end\n                #if ($UtilMethods.isSet($footer.emailAddress))\n                    <p data-testid=\"footer-newsletter-mail\">\n                        $!{text.get(\"yettel.emailAddress\")}:\n                        <a href=\"mailto:$!{footer.emailAddress}\" class=\"yettel-link-item yettel__text\">$!{footer.emailAddress}</a>\n                    </p>\n                #end\n            </div>\n        #end\n        ## temporary fix for social icons placement (margin-top)\n        <div class=\"yettel-footer-newsletter__social\" style=\"margin-top:auto;\">\n            #foreach($linkItem in $footer.socialMediaLinks)\n                #dotParse(\"/application/vtl/link-item/link-item.vtl\")\n            #end\n        </div>\n    </div>\n</section>\n\n","contentType":"text/plain; charset=ISO-8859-1","fileSize":2372,"isImage":false,"length":2372,"modDate":1706087907385,"name":"footer-content.vtl","path":"b/b/bbefb847-252d-4716-9634-208822227cfb/fileAsset/footer-content.vtl","sha256":"8a1c026b637d680e90d1e3ff131f15d0978aab2e77e79b2f891cde6704db40a3","title":"footer-content.vtl","version":20220201}