{"content":"/**\n * @popperjs/core v2.11.7 - MIT License\n */\n\n!(function (e, t) {\n    'object' == typeof exports && 'undefined' != typeof module\n        ? t(exports)\n        : 'function' == typeof define && define.amd\n        ? define(['exports'], t)\n        : t(((e = 'undefined' != typeof globalThis ? globalThis : e || self).Popper = {}));\n})(this, function (e) {\n    'use strict';\n    function t(e) {\n        if (null == e) return window;\n        if ('[object Window]' !== e.toString()) {\n            var t = e.ownerDocument;\n            return (t && t.defaultView) || window;\n        }\n        return e;\n    }\n    function n(e) {\n        return e instanceof t(e).Element || e instanceof Element;\n    }\n    function r(e) {\n        return e instanceof t(e).HTMLElement || e instanceof HTMLElement;\n    }\n    function o(e) {\n        return (\n            'undefined' != typeof ShadowRoot &&\n            (e instanceof t(e).ShadowRoot || e instanceof ShadowRoot)\n        );\n    }\n    var i = Math.max,\n        a = Math.min,\n        s = Math.round;\n    function f() {\n        var e = navigator.userAgentData;\n        return null != e && e.brands && Array.isArray(e.brands)\n            ? e.brands\n                  .map(function (e) {\n                      return e.brand + '/' + e.version;\n                  })\n                  .join(' ')\n            : navigator.userAgent;\n    }\n    function c() {\n        return !/^((?!chrome|android).)*safari/i.test(f());\n    }\n    function p(e, o, i) {\n        void 0 === o && (o = !1), void 0 === i && (i = !1);\n        var a = e.getBoundingClientRect(),\n            f = 1,\n            p = 1;\n        o &&\n            r(e) &&\n            ((f = (e.offsetWidth > 0 && s(a.width) / e.offsetWidth) || 1),\n            (p = (e.offsetHeight > 0 && s(a.height) / e.offsetHeight) || 1));\n        var u = (n(e) ? t(e) : window).visualViewport,\n            l = !c() && i,\n            d = (a.left + (l && u ? u.offsetLeft : 0)) / f,\n            h = (a.top + (l && u ? u.offsetTop : 0)) / p,\n            m = a.width / f,\n            v = a.height / p;\n        return { width: m, height: v, top: h, right: d + m, bottom: h + v, left: d, x: d, y: h };\n    }\n    function u(e) {\n        var n = t(e);\n        return { scrollLeft: n.pageXOffset, scrollTop: n.pageYOffset };\n    }\n    function l(e) {\n        return e ? (e.nodeName || '').toLowerCase() : null;\n    }\n    function d(e) {\n        return ((n(e) ? e.ownerDocument : e.document) || window.document).documentElement;\n    }\n    function h(e) {\n        return p(d(e)).left + u(e).scrollLeft;\n    }\n    function m(e) {\n        return t(e).getComputedStyle(e);\n    }\n    function v(e) {\n        var t = m(e),\n            n = t.overflow,\n            r = t.overflowX,\n            o = t.overflowY;\n        return /auto|scroll|overlay|hidden/.test(n + o + r);\n    }\n    function y(e, n, o) {\n        void 0 === o && (o = !1);\n        var i,\n            a,\n            f = r(n),\n            c =\n                r(n) &&\n                (function (e) {\n                    var t = e.getBoundingClientRect(),\n                        n = s(t.width) / e.offsetWidth || 1,\n                        r = s(t.height) / e.offsetHeight || 1;\n                    return 1 !== n || 1 !== r;\n                })(n),\n            m = d(n),\n            y = p(e, c, o),\n            g = { scrollLeft: 0, scrollTop: 0 },\n            b = { x: 0, y: 0 };\n        return (\n            (f || (!f && !o)) &&\n                (('body' !== l(n) || v(m)) &&\n                    (g =\n                        (i = n) !== t(i) && r(i)\n                            ? { scrollLeft: (a = i).scrollLeft, scrollTop: a.scrollTop }\n                            : u(i)),\n                r(n)\n                    ? (((b = p(n, !0)).x += n.clientLeft), (b.y += n.clientTop))\n                    : m && (b.x = h(m))),\n            {\n                x: y.left + g.scrollLeft - b.x,\n                y: y.top + g.scrollTop - b.y,\n                width: y.width,\n                height: y.height,\n            }\n        );\n    }\n    function g(e) {\n        var t = p(e),\n            n = e.offsetWidth,\n            r = e.offsetHeight;\n        return (\n            Math.abs(t.width - n) <= 1 && (n = t.width),\n            Math.abs(t.height - r) <= 1 && (r = t.height),\n            { x: e.offsetLeft, y: e.offsetTop, width: n, height: r }\n        );\n    }\n    function b(e) {\n        return 'html' === l(e)\n            ? e\n            : e.assignedSlot || e.parentNode || (o(e) ? e.host : null) || d(e);\n    }\n    function x(e) {\n        return ['html', 'body', '#document'].indexOf(l(e)) >= 0\n            ? e.ownerDocument.body\n            : r(e) && v(e)\n            ? e\n            : x(b(e));\n    }\n    function w(e, n) {\n        var r;\n        void 0 === n && (n = []);\n        var o = x(e),\n            i = o === (null == (r = e.ownerDocument) ? void 0 : r.body),\n            a = t(o),\n            s = i ? [a].concat(a.visualViewport || [], v(o) ? o : []) : o,\n            f = n.concat(s);\n        return i ? f : f.concat(w(b(s)));\n    }\n    function O(e) {\n        return ['table', 'td', 'th'].indexOf(l(e)) >= 0;\n","contentType":"text/plain; charset=ISO-8859-1","fileSize":47274,"isImage":false,"length":47274,"modDate":1706097324337,"name":"popper.min.2.11.7.js","path":"7/0/70d39139-7245-4348-9dad-8be2d80c46e1/fileAsset/popper.min.2.11.7.js","sha256":"3b277ef6f87d75736f0c07929dc53f7986924ebac53be9b5775d0f13b84b5da4","title":"popper.min.2.11.7.js","version":20220201}