{"content":"#set($itemId = $item.attrs.data.inode)\n#set($multiAccordion = $dotcontent.find($itemId))\n\n#dotParse(\"/application/vtl/accordion/multi-accordion/multi-accordion.vtl\")\n\n","contentType":"text/plain; charset=ISO-8859-1","fileSize":166,"isImage":false,"length":166,"modDate":1705395728159,"name":"dotContent-multiaccordion.vtl","path":"8/4/84be80f6-2cd6-4f37-ad4a-66a120010619/fileAsset/dotContent-multiaccordion.vtl","sha256":"3a5e0351ab83b1a899e136427d42e42e20a213e88f18202b4435ec979bbe63dd","title":"dotContent-multiaccordion.vtl","version":20220201}