{"content":"#set($jsFileInode = $webapi.getAssetInode(\"${dotTheme.path}static/bundle.js\"))\n<script defer src=\"/dA/$!{jsFileInode}/bundle.js\"></script>\n\n","contentType":"text/plain; charset=ISO-8859-1","fileSize":139,"isImage":false,"length":139,"modDate":1706169239365,"name":"body_scripts.vtl","path":"3/0/30dc137f-f273-4c09-b027-39b89d3cec84/fileAsset/body_scripts.vtl","sha256":"476de2015efe4f6525cc2b902bcc9dfef398a9a085aa6e06ac942b150921f673","title":"body_scripts.vtl","version":20220201}