{"content":"#set($itemId = $item.attrs.data.inode)\n#set($stepCard = $dotcontent.find($itemId))\n\n#dotParse(\"/application/vtl/card/step/step-card.vtl\")\n\n","contentType":"text/plain; charset=ISO-8859-1","fileSize":138,"isImage":false,"length":138,"modDate":1705395728979,"name":"dotContent-stepcard.vtl","path":"8/e/8e634d47-6b31-420a-acd1-bc069a066d89/fileAsset/dotContent-stepcard.vtl","sha256":"47ced4abbef0d34d382b1a13cfba433cec713a46c57a8c49cd5627427a9c0aa4","title":"dotContent-stepcard.vtl","version":20220201}