{"content":"<svg xmlns=\"http://www.w3.org/2000/svg\" width=\"24\" height=\"24\">\n    <path d=\"M2 5v2h20V5H2zm0 6v2h20v-2H2zm0 6v2h20v-2H2z\" fill=\"#002340\"/>\n</svg>\n\n","contentType":"text/plain; charset=ISO-8859-1","fileSize":147,"height":24,"isImage":true,"length":147,"modDate":1706087903525,"name":"menu-icon.svg","path":"d/9/d9b8431c-aee9-475d-8c83-15d49ca8d70c/fileAsset/menu-icon.svg","sha256":"daaee2bd04d9fd3cdf9d305e89043926ceffe0b3cdb96e989b0d60c20086626c","title":"menu-icon.svg","version":20220201,"width":24}