{"content":"## Check if this is dynamic content or a normal page\n## Do not move the following SEO Content variable definition\n#if ($UtilMethods.isSet($URLMapContent))\n    ## Process SEO values from Dynamic URL Mapped Content\n    #set ($seoContent = $URLMapContent)\n    #set ($isUrlMapped = true)\n#else\n    ## Process SEO values from Page Properties\n    #set ($seoContent = $dotPageContent)\n    #set ($isUrlMapped = false)\n#end\n## Define SEO data variables, reused by OG data\n#if ($UtilMethods.isSet($seoContent.displayTitle))\n    #set ($seoTitleBackup = $seoContent.displayTitle)\n#else\n    #if ($UtilMethods.isSet($seoContent.friendlyName))\n        #set ($seoTitleBackup = $seoContent.friendlyName)\n    #else\n        #set ($seoTitleBackup = $seoContent.title)\n    #end\n#end\n#set ($pageTitle = \"#getItem($!seoContent.seoTitle, $!seoTitleBackup)\")\n#set ($seoDescription = \"\")\n#if($UtilMethods.isSet($seoContent.seodescription))\n    #set ($seoDescription = \"$!{seoContent.seodescription.replaceAll('\\n+', ' ')}\")\n#end\n#if($UtilMethods.isSet($seoContent.canonicalUrl))\n    #set ($seoCanonical = \"$!{seoContent.canonicalUrl}\")\n#else\n    ## Identify current page URL\n    #set ($seoCanonical = \"https://$!{configuration.publicFullHostname}${request.getRequestURI()}\")\n#end\n#set ($seoCanonical = $!{cbhelper.removeIndexFromUrl($!seoCanonical)})\n######### Content Output ########\n<head>\n    #dotParse(\"${dotTheme.path}partial/head/head_meta.vtl\")\n    #dotParse(\"${dotTheme.path}partial/head/head_seo.vtl\")\n    #dotParse(\"${dotTheme.path}partial/head/head_opengraph.vtl\")\n    #dotParse(\"${dotTheme.path}partial/head/head_facebook.vtl\")\n    #dotParse(\"${dotTheme.path}partial/head/head_favicon.vtl\")\n    #dotParse(\"${dotTheme.path}partial/head/head_tagmanager.vtl\")\n    #dotParse(\"${dotTheme.path}partial/head/head_stylesheet.vtl\")\n    #dotParse(\"${dotTheme.path}partial/head/head_thirdparty.vtl\")\n    #dotParse(\"${dotTheme.path}partial/head/head_localisations.vtl\")\n</head>\n\n","contentType":"text/plain; charset=ISO-8859-1","fileSize":1952,"isImage":false,"length":1952,"modDate":1706087906155,"name":"head.vtl","path":"1/b/1b1846db-55c1-4add-92d7-5cbae968c6d2/fileAsset/head.vtl","sha256":"8d964cbff0db62ba51bdad9b7cc284e7b9a4b90974611d4e8859aca62475a33e","title":"head.vtl","version":20220201}