{"content":"#set($itemId = $item.attrs.data.inode)\n#set($fadeIllustration = $dotcontent.find($itemId))\n\n#dotParse(\"/application/vtl/fade-illustration/fade-illustration.vtl\")\n\n","contentType":"text/plain; charset=ISO-8859-1","fileSize":162,"isImage":false,"length":162,"modDate":1705395727279,"name":"dotContent-fadeillustration.vtl","path":"5/f/5f90f62f-0e48-44cf-a82a-5620f99df468/fileAsset/dotContent-fadeillustration.vtl","sha256":"ef7695617214dad765d0ddc56eb40115d892c5a263f82177037ae1152137068d","title":"dotContent-fadeillustration.vtl","version":20220201}