{"content":"#set($currentLanguage = $text.getLanguage($language))\n<meta charset=\"UTF-8\"/>\n<meta http-equiv=\"content-language\" content=\"$!{currentLanguage.languageCode}\"/>\n<meta name=\"viewport\" content=\"width=device-width, initial-scale=1.0\"/>\n<meta http-equiv=\"X-UA-Compatible\" content=\"ie=edge\"/>\n<meta name=\"language\" content=\"$!{currentLanguage.language}\"/>\n#set ($contentCategory = $cbhelper.getCategoryAt($seoContent.category, 0))\n$!{cbhelper.getAlternateLanguageLink($!{seoContent.identifier}, ${currentLanguage.languageCode}, ${request.getRequestURI()}, ${contentCategory.categoryVelocityVarName})}\n\n","contentType":"text/plain; charset=UTF-8","fileSize":594,"isImage":false,"length":594,"modDate":1706178718012,"name":"head_meta.vtl","path":"7/6/76633f92-3ba7-463e-a4c8-5dada9fb9bcb/fileAsset/head_meta.vtl","sha256":"3fd16332c13608f0d77dbd80980857def87c96969da820ae5ff6b58c7c93702d","title":"head_meta.vtl","version":20220201}