{
    "header": false,
    "footer": false,
    "body": {
        "rows": [
            {
                "styleClass": "first-top-padding",
                "columns": [
                    {
                        "leftOffset": 1,
                        "width": 12,
                        "styleClass": "",
                        "containers": [
                            {
                                "identifier": "//default/application/containers/example/",
                                "uuid": "1"
                            }
                        ]
                    }
                ]
            },
            {
                "styleClass": "",
                "columns": [
                    {
                        "leftOffset": 1,
                        "width": 12,
                        "styleClass": "",
                        "containers": [
                            {
                                "identifier": "//default/application/containers/example/",
                                "uuid": "2"
                            }
                        ]
                    }
                ]
            },
            {
                "styleClass": "",
                "columns": [
                    {
                        "leftOffset": 1,
                        "width": 12,
                        "styleClass": "",
                        "containers": [
                            {
                                "identifier": "//default/application/containers/example/",
                                "uuid": "3"
                            }
                        ]
                    }
                ]
            },
            {
                "styleClass": "",
                "columns": [
                    {
                        "leftOffset": 1,
                        "width": 12,
                        "styleClass": "",
                        "containers": [
                            {
                                "identifier": "//default/application/containers/example/",
                                "uuid": "4"
                            }
                        ]
                    }
                ]
            },
            {
                "styleClass": "",
                "columns": [
                    {
                        "leftOffset": 1,
                        "width": 12,
                        "styleClass": "",
                        "containers": [
                            {
                                "identifier": "//default/application/containers/example/",
                                "uuid": "5"
                            }
                        ]
                    }
                ]
            },
            {
                "styleClass": "",
                "columns": [
                    {
                        "leftOffset": 1,
                        "width": 12,
                        "styleClass": "",
                        "containers": [
                            {
                                "identifier": "//default/application/containers/example/",
                                "uuid": "6"
                            }
                        ]
                    }
                ]
            },
            {
                "styleClass": "",
                "columns": [
                    {
                        "leftOffset": 1,
                        "width": 12,
                        "styleClass": "",
                        "containers": [
                            {
                                "identifier": "//default/application/containers/example/",
                                "uuid": "7"
                            }
                        ]
                    }
                ]
            },
            {
                "styleClass": "",
                "columns": [
                    {
                        "leftOffset": 1,
                        "width": 12,
                        "styleClass": "",
                        "containers": [
                            {
                                "identifier": "//default/application/containers/example/",
                                "uuid": "8"
                            }
                        ]
                    }
                ]
            },
            {
                "styleClass": "",
                "columns": [
                    {
                        "leftOffset": 1,
                        "width": 12,
                        "styleClass": "",
                        "containers": [
                            {
                                "identifier": "//default/application/containers/example/",
                                "uuid": "9"
                            }
                        ]
                    }
                ]
            },
            {
                "styleClass": "",
                "columns": [
                    {
                        "leftOffset": 1,
                        "width": 12,
                        "styleClass": "",
                        "containers": [
                            {
                                "identifier": "//default/application/containers/example/",
                                "uuid": "10"
                            }
                        ]
                    }
                ]
            }
        ]
    },
    "sidebar": null
}
