[{"description":"whatshot","id":"2df9f117-b140-44bf-93d7-5b10a36fb7f9","name":"Getting Started","portletIds":[],"tabOrder":-320000},{"description":"Permissions & Maintenance","id":"30ae4683-2452-4715-afde-46b50a1271a5","name":"CMS Admin","portletIds":[],"tabOrder":0},{"description":"event_note","id":"56fedb43-dbbf-4ce2-8b77-41fb73bad015","name":"Schema","portletIds":[],"tabOrder":5},{"description":"cloud_upload","id":"5e23353d-76a1-4783-b94f-218adbfeba83","name":"Publishing","portletIds":[],"tabOrder":5},{"description":"format_align_left","id":"71b8a1ca-37b6-4b6e-a43b-c7482f28db6c","name":"Content","portletIds":[],"tabOrder":3},{"description":"filter_center_focus","id":"89594b95-1354-4a63-8867-c922880107df","name":"Marketing","portletIds":[],"tabOrder":4},{"description":"web_asset","id":"8beec8db-dc13-4d90-9046-33eadb63c60d","name":"Digital Assets","portletIds":[],"tabOrder":4},{"description":"dns","id":"931f0b26-92c1-420b-8fbf-e48089040921","name":"Site Editor","portletIds":[],"tabOrder":1},{"description":"settings_applications","id":"a8e430e3-8010-40cf-ade1-5978e61241a8","name":"System","portletIds":[],"tabOrder":100},{"description":"settings_ethernet","id":"aa91172e-0fa6-482e-9a8b-1c202c7fca0e","name":"Developers","portletIds":[],"tabOrder":6},{"description":"dns","id":"b7ab5d3c-5ee0-4195-a17e-8f5579d718dd","name":"Site Manager","portletIds":[],"tabOrder":2}]