[{"cardinality":1,"childRelationName":"slides","childRequired":false,"childStructure":{"archived":false,"categoryId":"25564603113f0e724da39d227be2480b","content":true,"defaultStructure":false,"description":"Hero Carousel Slide","detailPage":null,"expireDateVar":null,"fields":[{"archived":false,"categoryId":"a5eebe8ba62959d6f3b9afe8444037b0","dataType":"system_field","defaultValue":null,"fieldContentlet":"system_field","fieldName":"fields-0","fieldRelationType":null,"fieldType":"row","fixed":false,"hint":null,"iDate":1706173288000,"idate":1706173288000,"identifier":"a5eebe8ba62959d6f3b9afe8444037b0","indexed":false,"inode":"a5eebe8ba62959d6f3b9afe8444037b0","listed":false,"live":false,"locked":false,"map":{"defaultValue":null,"fieldContentlet":"system_field","fieldFieldType":"row","fieldFixed":false,"fieldHint":null,"fieldIndexed":false,"fieldListed":false,"fieldName":"fields-0","fieldReadOnly":false,"fieldRegexCheck":null,"fieldRelationType":null,"fieldRequired":false,"fieldSearchable":false,"fieldSortOrder":0,"fieldStructureInode":"25564603113f0e724da39d227be2480b","fieldStructureVarName":"HeroCarouselSlide","fieldUnique":false,"fieldValues":"","fieldVelocityVarName":"fields0","inode":"a5eebe8ba62959d6f3b9afe8444037b0"},"modDate":1706173309000,"modUser":"","new":false,"owner":null,"parentPermissionable":null,"permissionId":"a5eebe8ba62959d6f3b9afe8444037b0","permissionType":"com.dotmarketing.portlets.structure.model.Field","readOnly":false,"regexCheck":null,"required":false,"searchable":false,"sortOrder":0,"structureInode":"25564603113f0e724da39d227be2480b","title":"","type":"field","unique":false,"values":null,"velocityVarName":"fields0","versionId":"a5eebe8ba62959d6f3b9afe8444037b0","versionType":"field","working":false},{"archived":false,"categoryId":"33565f04db7069e918787aa973b8418a","dataType":"system_field","defaultValue":null,"fieldContentlet":"system_field","fieldName":"fields-1","fieldRelationType":null,"fieldType":"column","fixed":false,"hint":null,"iDate":1706173288000,"idate":1706173288000,"identifier":"33565f04db7069e918787aa973b8418a","indexed":false,"inode":"33565f04db7069e918787aa973b8418a","listed":false,"live":false,"locked":false,"map":{"defaultValue":null,"fieldContentlet":"system_field","fieldFieldType":"column","fieldFixed":false,"fieldHint":null,"fieldIndexed":false,"fieldListed":false,"fieldName":"fields-1","fieldReadOnly":false,"fieldRegexCheck":null,"fieldRelationType":null,"fieldRequired":false,"fieldSearchable":false,"fieldSortOrder":1,"fieldStructureInode":"25564603113f0e724da39d227be2480b","fieldStructureVarName":"HeroCarouselSlide","fieldUnique":false,"fieldValues":"","fieldVelocityVarName":"fields1","inode":"33565f04db7069e918787aa973b8418a"},"modDate":1706173309000,"modUser":"","new":false,"owner":null,"parentPermissionable":null,"permissionId":"33565f04db7069e918787aa973b8418a","permissionType":"com.dotmarketing.portlets.structure.model.Field","readOnly":false,"regexCheck":null,"required":false,"searchable":false,"sortOrder":1,"structureInode":"25564603113f0e724da39d227be2480b","title":"","type":"field","unique":false,"values":null,"velocityVarName":"fields1","versionId":"33565f04db7069e918787aa973b8418a","versionType":"field","working":false},{"archived":false,"categoryId":"ff3be8ed9543b13873e1888f0c5cb4f5","dataType":"text","defaultValue":null,"fieldContentlet":"text1","fieldName":"Title","fieldRelationType":null,"fieldType":"text","fixed":false,"hint":null,"iDate":1706173309000,"idate":1706173309000,"identifier":"ff3be8ed9543b13873e1888f0c5cb4f5","indexed":false,"inode":"ff3be8ed9543b13873e1888f0c5cb4f5","listed":false,"live":false,"locked":false,"map":{"defaultValue":null,"fieldContentlet":"text1","fieldFieldType":"text","fieldFixed":false,"fieldHint":null,"fieldIndexed":false,"fieldListed":false,"fieldName":"Title","fieldReadOnly":false,"fieldRegexCheck":null,"fieldRelationType":null,"fieldRequired":false,"fieldSearchable":false,"fieldSortOrder":2,"fieldStructureInode":"25564603113f0e724da39d227be2480b","fieldStructureVarName":"HeroCarouselSlide","fieldUnique":false,"fieldValues":"","fieldVelocityVarName":"title","inode":"ff3be8ed9543b13873e1888f0c5cb4f5"},"modDate":1706173309000,"modUser":"","new":false,"owner":null,"parentPermissionable":null,"permissionId":"ff3be8ed9543b13873e1888f0c5cb4f5","permissionType":"com.dotmarketing.portlets.structure.model.Field","readOnly":false,"regexCheck":null,"required":false,"searchable":false,"sortOrder":2,"structureInode":"25564603113f0e724da39d227be2480b","title":"","type":"field","unique":false,"values":null,"velocityVarName":"title","versionId":"ff3be8ed9543b13873e1888f0c5cb4f5","versionType":"field","working":false},{"archived":false,"categoryId":"9c5da4344d09be5214bc5b754d49fe94","dataType":"text_area","defaultValue":null,"fieldContentlet":"text_area1","fieldName":"Description","fieldRelationType":null,"fieldType":"wysiwyg","fixed":false,"hint":null,"iDate":1706173359000,"idate":1706173359000,"identifier":"9c5da4344d09be5214bc5b754d49fe94","indexed":false,"inode":"9c5da4344d09be5214bc5b754d49fe94","listed":false,"live":false,"locked":false,"map":{"defaultValue":null,"fieldContentlet":"text_area1","fieldFieldType":"wysiwyg","fieldFixed":false,"fieldHint":null,"fieldIndexed":false,"fieldListed":false,"fieldName":"Description","fieldReadOnly":false,"fieldRegexCheck":null,"fieldRelationType":null,"fieldRequired":false,"fieldSearchable":false,"fieldSortOrder":3,"fieldStructureInode":"25564603113f0e724da39d227be2480b","fieldStructureVarName":"HeroCarouselSlide","fieldUnique":false,"fieldValues":"","fieldVelocityVarName":"description","inode":"9c5da4344d09be5214bc5b754d49fe94"},"modDate":1706173359000,"modUser":"","new":false,"owner":null,"parentPermissionable":null,"permissionId":"9c5da4344d09be5214bc5b754d49fe94","permissionType":"com.dotmarketing.portlets.structure.model.Field","readOnly":false,"regexCheck":null,"required":false,"searchable":false,"sortOrder":3,"structureInode":"25564603113f0e724da39d227be2480b","title":"","type":"field","unique":false,"values":null,"velocityVarName":"description","versionId":"9c5da4344d09be5214bc5b754d49fe94","versionType":"field","working":false},{"archived":false,"categoryId":"c1468b16a3ed067b1d40482f744ddff6","dataType":"text","defaultValue":null,"fieldContentlet":"text2","fieldName":"Desktop Image","fieldRelationType":null,"fieldType":"image","fixed":false,"hint":null,"iDate":1706173382000,"idate":1706173382000,"identifier":"c1468b16a3ed067b1d40482f744ddff6","indexed":false,"inode":"c1468b16a3ed067b1d40482f744ddff6","listed":false,"live":false,"locked":false,"map":{"defaultValue":null,"fieldContentlet":"text2","fieldFieldType":"image","fieldFixed":false,"fieldHint":null,"fieldIndexed":false,"fieldListed":false,"fieldName":"Desktop Image","fieldReadOnly":false,"fieldRegexCheck":null,"fieldRelationType":null,"fieldRequired":false,"fieldSearchable":false,"fieldSortOrder":4,"fieldStructureInode":"25564603113f0e724da39d227be2480b","fieldStructureVarName":"HeroCarouselSlide","fieldUnique":false,"fieldValues":"","fieldVelocityVarName":"desktopImage","inode":"c1468b16a3ed067b1d40482f744ddff6"},"modDate":1706173382000,"modUser":"","new":false,"owner":null,"parentPermissionable":null,"permissionId":"c1468b16a3ed067b1d40482f744ddff6","permissionType":"com.dotmarketing.portlets.structure.model.Field","readOnly":false,"regexCheck":null,"required":false,"searchable":false,"sortOrder":4,"structureInode":"25564603113f0e724da39d227be2480b","title":"","type":"field","unique":false,"values":null,"velocityVarName":"desktopImage","versionId":"c1468b16a3ed067b1d40482f744ddff6","versionType":"field","working":false},{"archived":false,"categoryId":"54c32a66140e864ac3199897dfaa9f04","dataType":"text","defaultValue":null,"fieldContentlet":"text3","fieldName":"Mobile Image","fieldRelationType":null,"fieldType":"image","fixed":false,"hint":null,"iDate":1706173392000,"idate":1706173392000,"identifier":"54c32a66140e864ac3199897dfaa9f04","indexed":false,"inode":"54c32a66140e864ac3199897dfaa9f04","listed":false,"live":false,"locked":false,"map":{"defaultValue":null,"fieldContentlet":"text3","fieldFieldType":"image","fieldFixed":false,"fieldHint":null,"fieldIndexed":false,"fieldListed":false,"fieldName":"Mobile Image","fieldReadOnly":false,"fieldRegexCheck":null,"fieldRelationType":null,"fieldRequired":false,"fieldSearchable":false,"fieldSortOrder":5,"fieldStructureInode":"25564603113f0e724da39d227be2480b","fieldStructureVarName":"HeroCarouselSlide","fieldUnique":false,"fieldValues":"","fieldVelocityVarName":"mobileImage","inode":"54c32a66140e864ac3199897dfaa9f04"},"modDate":1706173392000,"modUser":"","new":false,"owner":null,"parentPermissionable":null,"permissionId":"54c32a66140e864ac3199897dfaa9f04","permissionType":"com.dotmarketing.portlets.structure.model.Field","readOnly":false,"regexCheck":null,"required":false,"searchable":false,"sortOrder":5,"structureInode":"25564603113f0e724da39d227be2480b","title":"","type":"field","unique":false,"values":null,"velocityVarName":"mobileImage","versionId":"54c32a66140e864ac3199897dfaa9f04","versionType":"field","working":false}],"fieldsBySortOrder":[{"archived":false,"categoryId":"a5eebe8ba62959d6f3b9afe8444037b0","dataType":"system_field","defaultValue":null,"fieldContentlet":"system_field","fieldName":"fields-0","fieldRelationType":null,"fieldType":"row","fixed":false,"hint":null,"iDate":1706173288000,"idate":1706173288000,"identifier":"a5eebe8ba62959d6f3b9afe8444037b0","indexed":false,"inode":"a5eebe8ba62959d6f3b9afe8444037b0","listed":false,"live":false,"locked":false,"map":{"defaultValue":null,"fieldContentlet":"system_field","fieldFieldType":"row","fieldFixed":false,"fieldHint":null,"fieldIndexed":false,"fieldListed":false,"fieldName":"fields-0","fieldReadOnly":false,"fieldRegexCheck":null,"fieldRelationType":null,"fieldRequired":false,"fieldSearchable":false,"fieldSortOrder":0,"fieldStructureInode":"25564603113f0e724da39d227be2480b","fieldStructureVarName":"HeroCarouselSlide","fieldUnique":false,"fieldValues":"","fieldVelocityVarName":"fields0","inode":"a5eebe8ba62959d6f3b9afe8444037b0"},"modDate":1706173309000,"modUser":"","new":false,"owner":null,"parentPermissionable":null,"permissionId":"a5eebe8ba62959d6f3b9afe8444037b0","permissionType":"com.dotmarketing.portlets.structure.model.Field","readOnly":false,"regexCheck":null,"required":false,"searchable":false,"sortOrder":0,"structureInode":"25564603113f0e724da39d227be2480b","title":"","type":"field","unique":false,"values":null,"velocityVarName":"fields0","versionId":"a5eebe8ba62959d6f3b9afe8444037b0","versionType":"field","working":false},{"archived":false,"categoryId":"33565f04db7069e918787aa973b8418a","dataType":"system_field","defaultValue":null,"fieldContentlet":"system_field","fieldName":"fields-1","fieldRelationType":null,"fieldType":"column","fixed":false,"hint":null,"iDate":1706173288000,"idate":1706173288000,"identifier":"33565f04db7069e918787aa973b8418a","indexed":false,"inode":"33565f04db7069e918787aa973b8418a","listed":false,"live":false,"locked":false,"map":{"defaultValue":null,"fieldContentlet":"system_field","fieldFieldType":"column","fieldFixed":false,"fieldHint":null,"fieldIndexed":false,"fieldListed":false,"fieldName":"fields-1","fieldReadOnly":false,"fieldRegexCheck":null,"fieldRelationType":null,"fieldRequired":false,"fieldSearchable":false,"fieldSortOrder":1,"fieldStructureInode":"25564603113f0e724da39d227be2480b","fieldStructureVarName":"HeroCarouselSlide","fieldUnique":false,"fieldValues":"","fieldVelocityVarName":"fields1","inode":"33565f04db7069e918787aa973b8418a"},"modDate":1706173309000,"modUser":"","new":false,"owner":null,"parentPermissionable":null,"permissionId":"33565f04db7069e918787aa973b8418a","permissionType":"com.dotmarketing.portlets.structure.model.Field","readOnly":false,"regexCheck":null,"required":false,"searchable":false,"sortOrder":1,"structureInode":"25564603113f0e724da39d227be2480b","title":"","type":"field","unique":false,"values":null,"velocityVarName":"fields1","versionId":"33565f04db7069e918787aa973b8418a","versionType":"field","working":false},{"archived":false,"categoryId":"ff3be8ed9543b13873e1888f0c5cb4f5","dataType":"text","defaultValue":null,"fieldContentlet":"text1","fieldName":"Title","fieldRelationType":null,"fieldType":"text","fixed":false,"hint":null,"iDate":1706173309000,"idate":1706173309000,"identifier":"ff3be8ed9543b13873e1888f0c5cb4f5","indexed":false,"inode":"ff3be8ed9543b13873e1888f0c5cb4f5","listed":false,"live":false,"locked":false,"map":{"defaultValue":null,"fieldContentlet":"text1","fieldFieldType":"text","fieldFixed":false,"fieldHint":null,"fieldIndexed":false,"fieldListed":false,"fieldName":"Title","fieldReadOnly":false,"fieldRegexCheck":null,"fieldRelationType":null,"fieldRequired":false,"fieldSearchable":false,"fieldSortOrder":2,"fieldStructureInode":"25564603113f0e724da39d227be2480b","fieldStructureVarName":"HeroCarouselSlide","fieldUnique":false,"fieldValues":"","fieldVelocityVarName":"title","inode":"ff3be8ed9543b13873e1888f0c5cb4f5"},"modDate":1706173309000,"modUser":"","new":false,"owner":null,"parentPermissionable":null,"permissionId":"ff3be8ed9543b13873e1888f0c5cb4f5","permissionType":"com.dotmarketing.portlets.structure.model.Field","readOnly":false,"regexCheck":null,"required":false,"searchable":false,"sortOrder":2,"structureInode":"25564603113f0e724da39d227be2480b","title":"","type":"field","unique":false,"values":null,"velocityVarName":"title","versionId":"ff3be8ed9543b13873e1888f0c5cb4f5","versionType":"field","working":false},{"archived":false,"categoryId":"9c5da4344d09be5214bc5b754d49fe94","dataType":"text_area","defaultValue":null,"fieldContentlet":"text_area1","fieldName":"Description","fieldRelationType":null,"fieldType":"wysiwyg","fixed":false,"hint":null,"iDate":1706173359000,"idate":1706173359000,"identifier":"9c5da4344d09be5214bc5b754d49fe94","indexed":false,"inode":"9c5da4344d09be5214bc5b754d49fe94","listed":false,"live":false,"locked":false,"map":{"defaultValue":null,"fieldContentlet":"text_area1","fieldFieldType":"wysiwyg","fieldFixed":false,"fieldHint":null,"fieldIndexed":false,"fieldListed":false,"fieldName":"Description","fieldReadOnly":false,"fieldRegexCheck":null,"fieldRelationType":null,"fieldRequired":false,"fieldSearchable":false,"fieldSortOrder":3,"fieldStructureInode":"25564603113f0e724da39d227be2480b","fieldStructureVarName":"HeroCarouselSlide","fieldUnique":false,"fieldValues":"","fieldVelocityVarName":"description","inode":"9c5da4344d09be5214bc5b754d49fe94"},"modDate":1706173359000,"modUser":"","new":false,"owner":null,"parentPermissionable":null,"permissionId":"9c5da4344d09be5214bc5b754d49fe94","permissionType":"com.dotmarketing.portlets.structure.model.Field","readOnly":false,"regexCheck":null,"required":false,"searchable":false,"sortOrder":3,"structureInode":"25564603113f0e724da39d227be2480b","title":"","type":"field","unique":false,"values":null,"velocityVarName":"description","versionId":"9c5da4344d09be5214bc5b754d49fe94","versionType":"field","working":false},{"archived":false,"categoryId":"c1468b16a3ed067b1d40482f744ddff6","dataType":"text","defaultValue":null,"fieldContentlet":"text2","fieldName":"Desktop Image","fieldRelationType":null,"fieldType":"image","fixed":false,"hint":null,"iDate":1706173382000,"idate":1706173382000,"identifier":"c1468b16a3ed067b1d40482f744ddff6","indexed":false,"inode":"c1468b16a3ed067b1d40482f744ddff6","listed":false,"live":false,"locked":false,"map":{"defaultValue":null,"fieldContentlet":"text2","fieldFieldType":"image","fieldFixed":false,"fieldHint":null,"fieldIndexed":false,"fieldListed":false,"fieldName":"Desktop Image","fieldReadOnly":false,"fieldRegexCheck":null,"fieldRelationType":null,"fieldRequired":false,"fieldSearchable":false,"fieldSortOrder":4,"fieldStructureInode":"25564603113f0e724da39d227be2480b","fieldStructureVarName":"HeroCarouselSlide","fieldUnique":false,"fieldValues":"","fieldVelocityVarName":"desktopImage","inode":"c1468b16a3ed067b1d40482f744ddff6"},"modDate":1706173382000,"modUser":"","new":false,"owner":null,"parentPermissionable":null,"permissionId":"c1468b16a3ed067b1d40482f744ddff6","permissionType":"com.dotmarketing.portlets.structure.model.Field","readOnly":false,"regexCheck":null,"required":false,"searchable":false,"sortOrder":4,"structureInode":"25564603113f0e724da39d227be2480b","title":"","type":"field","unique":false,"values":null,"velocityVarName":"desktopImage","versionId":"c1468b16a3ed067b1d40482f744ddff6","versionType":"field","working":false},{"archived":false,"categoryId":"54c32a66140e864ac3199897dfaa9f04","dataType":"text","defaultValue":null,"fieldContentlet":"text3","fieldName":"Mobile Image","fieldRelationType":null,"fieldType":"image","fixed":false,"hint":null,"iDate":1706173392000,"idate":1706173392000,"identifier":"54c32a66140e864ac3199897dfaa9f04","indexed":false,"inode":"54c32a66140e864ac3199897dfaa9f04","listed":false,"live":false,"locked":false,"map":{"defaultValue":null,"fieldContentlet":"text3","fieldFieldType":"image","fieldFixed":false,"fieldHint":null,"fieldIndexed":false,"fieldListed":false,"fieldName":"Mobile Image","fieldReadOnly":false,"fieldRegexCheck":null,"fieldRelationType":null,"fieldRequired":false,"fieldSearchable":false,"fieldSortOrder":5,"fieldStructureInode":"25564603113f0e724da39d227be2480b","fieldStructureVarName":"HeroCarouselSlide","fieldUnique":false,"fieldValues":"","fieldVelocityVarName":"mobileImage","inode":"54c32a66140e864ac3199897dfaa9f04"},"modDate":1706173392000,"modUser":"","new":false,"owner":null,"parentPermissionable":null,"permissionId":"54c32a66140e864ac3199897dfaa9f04","permissionType":"com.dotmarketing.portlets.structure.model.Field","readOnly":false,"regexCheck":null,"required":false,"searchable":false,"sortOrder":5,"structureInode":"25564603113f0e724da39d227be2480b","title":"","type":"field","unique":false,"values":null,"velocityVarName":"mobileImage","versionId":"54c32a66140e864ac3199897dfaa9f04","versionType":"field","working":false}],"fileAsset":false,"fixed":false,"folder":"SYSTEM_FOLDER","form":false,"host":"8a7d5e23-da1e-420a-b4f0-471e7da8ea2d","htmlpageAsset":false,"iDate":1706173288000,"icon":"airplay","idate":1706173288000,"identifier":"25564603113f0e724da39d227be2480b","inode":"25564603113f0e724da39d227be2480b","live":false,"locked":false,"map":{"HTMLPageAsset":false,"IDate":1706173288000,"archived":false,"categoryId":"25564603113f0e724da39d227be2480b","content":true,"defaultStructure":false,"description":"Hero Carousel Slide","detailPage":null,"expireDateVar":null,"fileAsset":false,"fixed":false,"folder":"SYSTEM_FOLDER","form":false,"host":false,"iDate":1706173288000,"icon":"airplay","identifier":"25564603113f0e724da39d227be2480b","inode":"25564603113f0e724da39d227be2480b","live":false,"locked":false,"modDate":1706173392000,"modUser":"","name":"Hero Carousel Slide","new":false,"owner":null,"pagedetail":null,"parentPermissionable":true,"permissionId":"25564603113f0e724da39d227be2480b","permissionType":"com.dotmarketing.portlets.structure.model.Structure","persona":false,"publishDateVar":null,"reviewInterval":null,"reviewerRole":null,"sortOrder":0,"structureType":1,"system":false,"title":"","type":"structure","urlMapPattern":null,"velocityVarName":"HeroCarouselSlide","versionId":"25564603113f0e724da39d227be2480b","versionType":"structure","widget":false,"working":false},"modDate":1706173392000,"modUser":"","name":"Hero Carousel Slide","new":false,"owner":null,"pagedetail":null,"permissionId":"25564603113f0e724da39d227be2480b","permissionType":"com.dotmarketing.portlets.structure.model.Structure","persona":false,"publishDateVar":null,"reviewInterval":null,"reviewerRole":null,"sortOrder":0,"structureType":1,"system":false,"title":"","type":"structure","urlMapPattern":null,"velocityVarName":"HeroCarouselSlide","versionId":"25564603113f0e724da39d227be2480b","versionType":"structure","widget":false,"working":false},"childStructureInode":"25564603113f0e724da39d227be2480b","fixed":false,"iDate":null,"identifier":"9bca1c1c-e54b-4b06-92ce-24f675db129e","inode":"9bca1c1c-e54b-4b06-92ce-24f675db129e","live":false,"modDate":1706173442674,"owner":null,"parentRelationName":null,"parentRequired":false,"parentStructure":{"archived":false,"categoryId":"746e42d27c6f1f06545d46d22e458a48","content":true,"defaultStructure":false,"description":"Hero Carousel","detailPage":null,"expireDateVar":null,"fields":[{"archived":false,"categoryId":"fdf89736051d2c4d9415b8dbbf667db7","dataType":"system_field","defaultValue":null,"fieldContentlet":"system_field","fieldName":"fields-0","fieldRelationType":null,"fieldType":"row","fixed":false,"hint":null,"iDate":1706173204000,"idate":1706173204000,"identifier":"fdf89736051d2c4d9415b8dbbf667db7","indexed":false,"inode":"fdf89736051d2c4d9415b8dbbf667db7","listed":false,"live":false,"locked":false,"map":{"defaultValue":null,"fieldContentlet":"system_field","fieldFieldType":"row","fieldFixed":false,"fieldHint":null,"fieldIndexed":false,"fieldListed":false,"fieldName":"fields-0","fieldReadOnly":false,"fieldRegexCheck":null,"fieldRelationType":null,"fieldRequired":false,"fieldSearchable":false,"fieldSortOrder":0,"fieldStructureInode":"746e42d27c6f1f06545d46d22e458a48","fieldStructureVarName":"HeroCarousel","fieldUnique":false,"fieldValues":"","fieldVelocityVarName":"fields0","inode":"fdf89736051d2c4d9415b8dbbf667db7"},"modDate":1706173231000,"modUser":"","new":false,"owner":null,"parentPermissionable":null,"permissionId":"fdf89736051d2c4d9415b8dbbf667db7","permissionType":"com.dotmarketing.portlets.structure.model.Field","readOnly":false,"regexCheck":null,"required":false,"searchable":false,"sortOrder":0,"structureInode":"746e42d27c6f1f06545d46d22e458a48","title":"","type":"field","unique":false,"values":null,"velocityVarName":"fields0","versionId":"fdf89736051d2c4d9415b8dbbf667db7","versionType":"field","working":false},{"archived":false,"categoryId":"d437cb59304c08cb1a0d2cc291a3ba6c","dataType":"system_field","defaultValue":null,"fieldContentlet":"system_field","fieldName":"fields-1","fieldRelationType":null,"fieldType":"column","fixed":false,"hint":null,"iDate":1706173204000,"idate":1706173204000,"identifier":"d437cb59304c08cb1a0d2cc291a3ba6c","indexed":false,"inode":"d437cb59304c08cb1a0d2cc291a3ba6c","listed":false,"live":false,"locked":false,"map":{"defaultValue":null,"fieldContentlet":"system_field","fieldFieldType":"column","fieldFixed":false,"fieldHint":null,"fieldIndexed":false,"fieldListed":false,"fieldName":"fields-1","fieldReadOnly":false,"fieldRegexCheck":null,"fieldRelationType":null,"fieldRequired":false,"fieldSearchable":false,"fieldSortOrder":1,"fieldStructureInode":"746e42d27c6f1f06545d46d22e458a48","fieldStructureVarName":"HeroCarousel","fieldUnique":false,"fieldValues":"","fieldVelocityVarName":"fields1","inode":"d437cb59304c08cb1a0d2cc291a3ba6c"},"modDate":1706173231000,"modUser":"","new":false,"owner":null,"parentPermissionable":null,"permissionId":"d437cb59304c08cb1a0d2cc291a3ba6c","permissionType":"com.dotmarketing.portlets.structure.model.Field","readOnly":false,"regexCheck":null,"required":false,"searchable":false,"sortOrder":1,"structureInode":"746e42d27c6f1f06545d46d22e458a48","title":"","type":"field","unique":false,"values":null,"velocityVarName":"fields1","versionId":"d437cb59304c08cb1a0d2cc291a3ba6c","versionType":"field","working":false},{"archived":false,"categoryId":"f2f3ef9c6e2e3538badc653fc0a8785f","dataType":"system_field","defaultValue":null,"fieldContentlet":"system_field","fieldName":"Host Folder","fieldRelationType":null,"fieldType":"host or folder","fixed":false,"hint":null,"iDate":1706173231000,"idate":1706173231000,"identifier":"f2f3ef9c6e2e3538badc653fc0a8785f","indexed":true,"inode":"f2f3ef9c6e2e3538badc653fc0a8785f","listed":false,"live":false,"locked":false,"map":{"defaultValue":null,"fieldContentlet":"system_field","fieldFieldType":"host or folder","fieldFixed":false,"fieldHint":null,"fieldIndexed":true,"fieldListed":false,"fieldName":"Host Folder","fieldReadOnly":false,"fieldRegexCheck":null,"fieldRelationType":null,"fieldRequired":false,"fieldSearchable":false,"fieldSortOrder":2,"fieldStructureInode":"746e42d27c6f1f06545d46d22e458a48","fieldStructureVarName":"HeroCarousel","fieldUnique":false,"fieldValues":"","fieldVelocityVarName":"hostFolder","inode":"f2f3ef9c6e2e3538badc653fc0a8785f"},"modDate":1706173231000,"modUser":"","new":false,"owner":null,"parentPermissionable":null,"permissionId":"f2f3ef9c6e2e3538badc653fc0a8785f","permissionType":"com.dotmarketing.portlets.structure.model.Field","readOnly":false,"regexCheck":null,"required":false,"searchable":false,"sortOrder":2,"structureInode":"746e42d27c6f1f06545d46d22e458a48","title":"","type":"field","unique":false,"values":null,"velocityVarName":"hostFolder","versionId":"f2f3ef9c6e2e3538badc653fc0a8785f","versionType":"field","working":false},{"archived":false,"categoryId":"efd8622b6b3011184c5d0ce98500b0cd","dataType":"text","defaultValue":null,"fieldContentlet":"text1","fieldName":"Title","fieldRelationType":null,"fieldType":"text","fixed":false,"hint":null,"iDate":1706173249000,"idate":1706173249000,"identifier":"efd8622b6b3011184c5d0ce98500b0cd","indexed":false,"inode":"efd8622b6b3011184c5d0ce98500b0cd","listed":false,"live":false,"locked":false,"map":{"defaultValue":null,"fieldContentlet":"text1","fieldFieldType":"text","fieldFixed":false,"fieldHint":null,"fieldIndexed":false,"fieldListed":false,"fieldName":"Title","fieldReadOnly":false,"fieldRegexCheck":null,"fieldRelationType":null,"fieldRequired":false,"fieldSearchable":false,"fieldSortOrder":3,"fieldStructureInode":"746e42d27c6f1f06545d46d22e458a48","fieldStructureVarName":"HeroCarousel","fieldUnique":false,"fieldValues":"","fieldVelocityVarName":"title","inode":"efd8622b6b3011184c5d0ce98500b0cd"},"modDate":1706173249000,"modUser":"","new":false,"owner":null,"parentPermissionable":null,"permissionId":"efd8622b6b3011184c5d0ce98500b0cd","permissionType":"com.dotmarketing.portlets.structure.model.Field","readOnly":false,"regexCheck":null,"required":false,"searchable":false,"sortOrder":3,"structureInode":"746e42d27c6f1f06545d46d22e458a48","title":"","type":"field","unique":false,"values":null,"velocityVarName":"title","versionId":"efd8622b6b3011184c5d0ce98500b0cd","versionType":"field","working":false},{"archived":false,"categoryId":"ec5f0c5353fa43289e96fb869e04bd5d","dataType":"system_field","defaultValue":null,"fieldContentlet":"system_field","fieldName":"Slides","fieldRelationType":"HeroCarouselSlide","fieldType":"relationship","fixed":false,"hint":null,"iDate":1706173443000,"idate":1706173443000,"identifier":"ec5f0c5353fa43289e96fb869e04bd5d","indexed":true,"inode":"ec5f0c5353fa43289e96fb869e04bd5d","listed":false,"live":false,"locked":false,"map":{"defaultValue":null,"fieldContentlet":"system_field","fieldFieldType":"relationship","fieldFixed":false,"fieldHint":null,"fieldIndexed":true,"fieldListed":false,"fieldName":"Slides","fieldReadOnly":false,"fieldRegexCheck":null,"fieldRelationType":"HeroCarouselSlide","fieldRequired":false,"fieldSearchable":false,"fieldSortOrder":4,"fieldStructureInode":"746e42d27c6f1f06545d46d22e458a48","fieldStructureVarName":"HeroCarousel","fieldUnique":false,"fieldValues":"1","fieldVelocityVarName":"slides","inode":"ec5f0c5353fa43289e96fb869e04bd5d"},"modDate":1706173443000,"modUser":"","new":false,"owner":null,"parentPermissionable":null,"permissionId":"ec5f0c5353fa43289e96fb869e04bd5d","permissionType":"com.dotmarketing.portlets.structure.model.Field","readOnly":false,"regexCheck":null,"required":false,"searchable":false,"sortOrder":4,"structureInode":"746e42d27c6f1f06545d46d22e458a48","title":"","type":"field","unique":false,"values":"1","velocityVarName":"slides","versionId":"ec5f0c5353fa43289e96fb869e04bd5d","versionType":"field","working":false}],"fieldsBySortOrder":[{"archived":false,"categoryId":"fdf89736051d2c4d9415b8dbbf667db7","dataType":"system_field","defaultValue":null,"fieldContentlet":"system_field","fieldName":"fields-0","fieldRelationType":null,"fieldType":"row","fixed":false,"hint":null,"iDate":1706173204000,"idate":1706173204000,"identifier":"fdf89736051d2c4d9415b8dbbf667db7","indexed":false,"inode":"fdf89736051d2c4d9415b8dbbf667db7","listed":false,"live":false,"locked":false,"map":{"defaultValue":null,"fieldContentlet":"system_field","fieldFieldType":"row","fieldFixed":false,"fieldHint":null,"fieldIndexed":false,"fieldListed":false,"fieldName":"fields-0","fieldReadOnly":false,"fieldRegexCheck":null,"fieldRelationType":null,"fieldRequired":false,"fieldSearchable":false,"fieldSortOrder":0,"fieldStructureInode":"746e42d27c6f1f06545d46d22e458a48","fieldStructureVarName":"HeroCarousel","fieldUnique":false,"fieldValues":"","fieldVelocityVarName":"fields0","inode":"fdf89736051d2c4d9415b8dbbf667db7"},"modDate":1706173231000,"modUser":"","new":false,"owner":null,"parentPermissionable":null,"permissionId":"fdf89736051d2c4d9415b8dbbf667db7","permissionType":"com.dotmarketing.portlets.structure.model.Field","readOnly":false,"regexCheck":null,"required":false,"searchable":false,"sortOrder":0,"structureInode":"746e42d27c6f1f06545d46d22e458a48","title":"","type":"field","unique":false,"values":null,"velocityVarName":"fields0","versionId":"fdf89736051d2c4d9415b8dbbf667db7","versionType":"field","working":false},{"archived":false,"categoryId":"d437cb59304c08cb1a0d2cc291a3ba6c","dataType":"system_field","defaultValue":null,"fieldContentlet":"system_field","fieldName":"fields-1","fieldRelationType":null,"fieldType":"column","fixed":false,"hint":null,"iDate":1706173204000,"idate":1706173204000,"identifier":"d437cb59304c08cb1a0d2cc291a3ba6c","indexed":false,"inode":"d437cb59304c08cb1a0d2cc291a3ba6c","listed":false,"live":false,"locked":false,"map":{"defaultValue":null,"fieldContentlet":"system_field","fieldFieldType":"column","fieldFixed":false,"fieldHint":null,"fieldIndexed":false,"fieldListed":false,"fieldName":"fields-1","fieldReadOnly":false,"fieldRegexCheck":null,"fieldRelationType":null,"fieldRequired":false,"fieldSearchable":false,"fieldSortOrder":1,"fieldStructureInode":"746e42d27c6f1f06545d46d22e458a48","fieldStructureVarName":"HeroCarousel","fieldUnique":false,"fieldValues":"","fieldVelocityVarName":"fields1","inode":"d437cb59304c08cb1a0d2cc291a3ba6c"},"modDate":1706173231000,"modUser":"","new":false,"owner":null,"parentPermissionable":null,"permissionId":"d437cb59304c08cb1a0d2cc291a3ba6c","permissionType":"com.dotmarketing.portlets.structure.model.Field","readOnly":false,"regexCheck":null,"required":false,"searchable":false,"sortOrder":1,"structureInode":"746e42d27c6f1f06545d46d22e458a48","title":"","type":"field","unique":false,"values":null,"velocityVarName":"fields1","versionId":"d437cb59304c08cb1a0d2cc291a3ba6c","versionType":"field","working":false},{"archived":false,"categoryId":"f2f3ef9c6e2e3538badc653fc0a8785f","dataType":"system_field","defaultValue":null,"fieldContentlet":"system_field","fieldName":"Host Folder","fieldRelationType":null,"fieldType":"host or folder","fixed":false,"hint":null,"iDate":1706173231000,"idate":1706173231000,"identifier":"f2f3ef9c6e2e3538badc653fc0a8785f","indexed":true,"inode":"f2f3ef9c6e2e3538badc653fc0a8785f","listed":false,"live":false,"locked":false,"map":{"defaultValue":null,"fieldContentlet":"system_field","fieldFieldType":"host or folder","fieldFixed":false,"fieldHint":null,"fieldIndexed":true,"fieldListed":false,"fieldName":"Host Folder","fieldReadOnly":false,"fieldRegexCheck":null,"fieldRelationType":null,"fieldRequired":false,"fieldSearchable":false,"fieldSortOrder":2,"fieldStructureInode":"746e42d27c6f1f06545d46d22e458a48","fieldStructureVarName":"HeroCarousel","fieldUnique":false,"fieldValues":"","fieldVelocityVarName":"hostFolder","inode":"f2f3ef9c6e2e3538badc653fc0a8785f"},"modDate":1706173231000,"modUser":"","new":false,"owner":null,"parentPermissionable":null,"permissionId":"f2f3ef9c6e2e3538badc653fc0a8785f","permissionType":"com.dotmarketing.portlets.structure.model.Field","readOnly":false,"regexCheck":null,"required":false,"searchable":false,"sortOrder":2,"structureInode":"746e42d27c6f1f06545d46d22e458a48","title":"","type":"field","unique":false,"values":null,"velocityVarName":"hostFolder","versionId":"f2f3ef9c6e2e3538badc653fc0a8785f","versionType":"field","working":false},{"archived":false,"categoryId":"efd8622b6b3011184c5d0ce98500b0cd","dataType":"text","defaultValue":null,"fieldContentlet":"text1","fieldName":"Title","fieldRelationType":null,"fieldType":"text","fixed":false,"hint":null,"iDate":1706173249000,"idate":1706173249000,"identifier":"efd8622b6b3011184c5d0ce98500b0cd","indexed":false,"inode":"efd8622b6b3011184c5d0ce98500b0cd","listed":false,"live":false,"locked":false,"map":{"defaultValue":null,"fieldContentlet":"text1","fieldFieldType":"text","fieldFixed":false,"fieldHint":null,"fieldIndexed":false,"fieldListed":false,"fieldName":"Title","fieldReadOnly":false,"fieldRegexCheck":null,"fieldRelationType":null,"fieldRequired":false,"fieldSearchable":false,"fieldSortOrder":3,"fieldStructureInode":"746e42d27c6f1f06545d46d22e458a48","fieldStructureVarName":"HeroCarousel","fieldUnique":false,"fieldValues":"","fieldVelocityVarName":"title","inode":"efd8622b6b3011184c5d0ce98500b0cd"},"modDate":1706173249000,"modUser":"","new":false,"owner":null,"parentPermissionable":null,"permissionId":"efd8622b6b3011184c5d0ce98500b0cd","permissionType":"com.dotmarketing.portlets.structure.model.Field","readOnly":false,"regexCheck":null,"required":false,"searchable":false,"sortOrder":3,"structureInode":"746e42d27c6f1f06545d46d22e458a48","title":"","type":"field","unique":false,"values":null,"velocityVarName":"title","versionId":"efd8622b6b3011184c5d0ce98500b0cd","versionType":"field","working":false},{"archived":false,"categoryId":"ec5f0c5353fa43289e96fb869e04bd5d","dataType":"system_field","defaultValue":null,"fieldContentlet":"system_field","fieldName":"Slides","fieldRelationType":"HeroCarouselSlide","fieldType":"relationship","fixed":false,"hint":null,"iDate":1706173443000,"idate":1706173443000,"identifier":"ec5f0c5353fa43289e96fb869e04bd5d","indexed":true,"inode":"ec5f0c5353fa43289e96fb869e04bd5d","listed":false,"live":false,"locked":false,"map":{"defaultValue":null,"fieldContentlet":"system_field","fieldFieldType":"relationship","fieldFixed":false,"fieldHint":null,"fieldIndexed":true,"fieldListed":false,"fieldName":"Slides","fieldReadOnly":false,"fieldRegexCheck":null,"fieldRelationType":"HeroCarouselSlide","fieldRequired":false,"fieldSearchable":false,"fieldSortOrder":4,"fieldStructureInode":"746e42d27c6f1f06545d46d22e458a48","fieldStructureVarName":"HeroCarousel","fieldUnique":false,"fieldValues":"1","fieldVelocityVarName":"slides","inode":"ec5f0c5353fa43289e96fb869e04bd5d"},"modDate":1706173443000,"modUser":"","new":false,"owner":null,"parentPermissionable":null,"permissionId":"ec5f0c5353fa43289e96fb869e04bd5d","permissionType":"com.dotmarketing.portlets.structure.model.Field","readOnly":false,"regexCheck":null,"required":false,"searchable":false,"sortOrder":4,"structureInode":"746e42d27c6f1f06545d46d22e458a48","title":"","type":"field","unique":false,"values":"1","velocityVarName":"slides","versionId":"ec5f0c5353fa43289e96fb869e04bd5d","versionType":"field","working":false}],"fileAsset":false,"fixed":false,"folder":"SYSTEM_FOLDER","form":false,"host":"8a7d5e23-da1e-420a-b4f0-471e7da8ea2d","htmlpageAsset":false,"iDate":1706173204000,"icon":"add_to_queue","idate":1706173204000,"identifier":"746e42d27c6f1f06545d46d22e458a48","inode":"746e42d27c6f1f06545d46d22e458a48","live":false,"locked":false,"map":{"HTMLPageAsset":false,"IDate":1706173204000,"archived":false,"categoryId":"746e42d27c6f1f06545d46d22e458a48","content":true,"defaultStructure":false,"description":"Hero Carousel","detailPage":null,"expireDateVar":null,"fileAsset":false,"fixed":false,"folder":"SYSTEM_FOLDER","form":false,"host":false,"iDate":1706173204000,"icon":"add_to_queue","identifier":"746e42d27c6f1f06545d46d22e458a48","inode":"746e42d27c6f1f06545d46d22e458a48","live":false,"locked":false,"modDate":1706173443000,"modUser":"","name":"Hero Carousel","new":false,"owner":null,"pagedetail":null,"parentPermissionable":true,"permissionId":"746e42d27c6f1f06545d46d22e458a48","permissionType":"com.dotmarketing.portlets.structure.model.Structure","persona":false,"publishDateVar":null,"reviewInterval":null,"reviewerRole":null,"sortOrder":0,"structureType":1,"system":false,"title":"","type":"structure","urlMapPattern":null,"velocityVarName":"HeroCarousel","versionId":"746e42d27c6f1f06545d46d22e458a48","versionType":"structure","widget":false,"working":false},"modDate":1706173443000,"modUser":"","name":"Hero Carousel","new":false,"owner":null,"pagedetail":null,"permissionId":"746e42d27c6f1f06545d46d22e458a48","permissionType":"com.dotmarketing.portlets.structure.model.Structure","persona":false,"publishDateVar":null,"reviewInterval":null,"reviewerRole":null,"sortOrder":0,"structureType":1,"system":false,"title":"","type":"structure","urlMapPattern":null,"velocityVarName":"HeroCarousel","versionId":"746e42d27c6f1f06545d46d22e458a48","versionType":"structure","widget":false,"working":false},"parentStructureInode":"746e42d27c6f1f06545d46d22e458a48","relationTypeValue":"HeroCarousel.slides","relationshipField":true,"title":"HeroCarousel.slides","type":null}]