[{"child":"3aa2e8d7c9bbd593abc3353129820f90","parent":"31d050cee715be1b2bab2d23cfdfb1be","relationType":"HeroCarousel.slides","treeOrder":1},{"child":"c5315e1932e7f513cb0566db3d975dbd","parent":"4753f4cb790c97cd8e043ecd24855532","relationType":"HeroCarousel.slides","treeOrder":1},{"child":"abba3ed4833170b86fcd2728a1ddcb76","parent":"71df97467df57258d30427598d6c6953","relationType":"HeroCarousel.slides","treeOrder":1},{"child":"1910ab8d21020c434bd659600c3eeeb8","parent":"bd72d8be15751fa510fde515c2494079","relationType":"HeroCarousel.slides","treeOrder":6},{"child":"abba3ed4833170b86fcd2728a1ddcb76","parent":"bd72d8be15751fa510fde515c2494079","relationType":"HeroCarousel.slides","treeOrder":5},{"child":"c5315e1932e7f513cb0566db3d975dbd","parent":"bd72d8be15751fa510fde515c2494079","relationType":"HeroCarousel.slides","treeOrder":4},{"child":"cd0a8ac9e1c0b744f1aad11705efee29","parent":"bd72d8be15751fa510fde515c2494079","relationType":"HeroCarousel.slides","treeOrder":7}]