[{"bitPermission":false,"id":5,"individualPermission":true,"inode":"4958588d-9c8e-40e4-bfcb-4ded40bd099f","permission":1,"roleId":"c3eb4526-6d96-48d8-9540-e5fa560cfc0f","type":"individual"},{"bitPermission":false,"id":14,"individualPermission":true,"inode":"000ec468-0a63-4283-beb7-fcb36c107b2f","permission":1,"roleId":"c3eb4526-6d96-48d8-9540-e5fa560cfc0f","type":"individual"},{"bitPermission":false,"id":15,"individualPermission":true,"inode":"134a50d3-782d-43de-8877-42c0be1c86a4","permission":1,"roleId":"617f7300-5c7b-463f-9554-380b918520bc","type":"individual"},{"bitPermission":false,"id":23,"individualPermission":false,"inode":"SYSTEM_HOST","permission":1,"roleId":"654b0931-1027-41f7-ad4d-173115ed8ec1","type":"com.dotmarketing.beans.Host"},{"bitPermission":false,"id":24,"individualPermission":false,"inode":"SYSTEM_HOST","permission":1,"roleId":"654b0931-1027-41f7-ad4d-173115ed8ec1","type":"com.dotmarketing.portlets.folders.model.Folder"},{"bitPermission":false,"id":25,"individualPermission":false,"inode":"SYSTEM_HOST","permission":1,"roleId":"654b0931-1027-41f7-ad4d-173115ed8ec1","type":"com.dotmarketing.portlets.links.model.Link"},{"bitPermission":false,"id":26,"individualPermission":false,"inode":"SYSTEM_HOST","permission":1,"roleId":"654b0931-1027-41f7-ad4d-173115ed8ec1","type":"com.dotmarketing.portlets.contentlet.model.Contentlet"},{"bitPermission":false,"id":27,"individualPermission":false,"inode":"SYSTEM_HOST","permission":1,"roleId":"654b0931-1027-41f7-ad4d-173115ed8ec1","type":"com.dotmarketing.portlets.htmlpageasset.model.IHTMLPage"},{"bitPermission":false,"id":28,"individualPermission":false,"inode":"SYSTEM_HOST","permission":1,"roleId":"654b0931-1027-41f7-ad4d-173115ed8ec1","type":"com.dotmarketing.portlets.structure.model.Structure"},{"bitPermission":false,"id":29,"individualPermission":false,"inode":"SYSTEM_HOST","permission":1,"roleId":"654b0931-1027-41f7-ad4d-173115ed8ec1","type":"com.dotmarketing.portlets.categories.model.Category"},{"bitPermission":false,"id":30,"individualPermission":true,"inode":"4da13a42-5d59-480c-ad8f-94a3adf809fe","permission":1,"roleId":"617f7300-5c7b-463f-9554-380b918520bc","type":"individual"},{"bitPermission":false,"id":31,"individualPermission":true,"inode":"963f6a04-5320-42e7-ab74-6d876d199946","permission":1,"roleId":"654b0931-1027-41f7-ad4d-173115ed8ec1","type":"individual"},{"bitPermission":false,"id":32,"individualPermission":true,"inode":"777f1c6b-c877-4a37-ba4b-10627316c2cc","permission":1,"roleId":"c3eb4526-6d96-48d8-9540-e5fa560cfc0f","type":"individual"},{"bitPermission":false,"id":33,"individualPermission":true,"inode":"1e0f1c6b-b67f-4c99-983d-db2b4bfa88b2","permission":1,"roleId":"c3eb4526-6d96-48d8-9540-e5fa560cfc0f","type":"individual"},{"bitPermission":false,"id":34,"individualPermission":true,"inode":"b9d89c80-3d88-4311-8365-187323c96436","permission":1,"roleId":"c3eb4526-6d96-48d8-9540-e5fa560cfc0f","type":"individual"},{"bitPermission":false,"id":35,"individualPermission":true,"inode":"ceca71a0-deee-4999-bd47-b01baa1bcfc8","permission":1,"roleId":"617f7300-5c7b-463f-9554-380b918520bc","type":"individual"},{"bitPermission":false,"id":36,"individualPermission":true,"inode":"c92f9aa1-9503-4567-ac30-d3242b54d02d","permission":1,"roleId":"617f7300-5c7b-463f-9554-380b918520bc","type":"individual"},{"bitPermission":false,"id":37,"individualPermission":true,"inode":"38efc763-d78f-4e4b-b092-59cd8c579b93","permission":1,"roleId":"c3eb4526-6d96-48d8-9540-e5fa560cfc0f","type":"individual"},{"bitPermission":false,"id":39,"individualPermission":true,"inode":"dd4c4b7c-e9d3-4dc0-8fbf-36102f9c6324","permission":1,"roleId":"654b0931-1027-41f7-ad4d-173115ed8ec1","type":"individual"}]