[{"dbfqn":"2adccac3-a56b-4078-be40-94e343f20712 --> 02088e05-5ff5-43c2-a4fa-11a7272cb199","description":"CMS User","editLayouts":true,"editPermissions":true,"editUsers":true,"fqn":null,"id":"02088e05-5ff5-43c2-a4fa-11a7272cb199","locked":true,"name":"Back-end User","parent":"2adccac3-a56b-4078-be40-94e343f20712","roleChildren":null,"roleKey":"DOTCMS_BACK_END_USER","system":true,"user":false},{"dbfqn":"2adccac3-a56b-4078-be40-94e343f20712 --> 0f995057-5c35-4ae7-998a-774dda146c63","description":"Anyone who can View Content","editLayouts":false,"editPermissions":true,"editUsers":true,"fqn":null,"id":"0f995057-5c35-4ae7-998a-774dda146c63","locked":false,"name":"Anyone who can View Content","parent":"2adccac3-a56b-4078-be40-94e343f20712","roleChildren":null,"roleKey":"cms_workflow_any_who_can_view","system":true,"user":false},{"dbfqn":"2adccac3-a56b-4078-be40-94e343f20712 --> 29e0af9e-0e60-48ee-b9f7-1453d94d9cb6","description":"Form Editor","editLayouts":true,"editPermissions":true,"editUsers":true,"fqn":null,"id":"29e0af9e-0e60-48ee-b9f7-1453d94d9cb6","locked":true,"name":"Form Editor","parent":"2adccac3-a56b-4078-be40-94e343f20712","roleChildren":null,"roleKey":"Form Editor","system":true,"user":false},{"dbfqn":"2adccac3-a56b-4078-be40-94e343f20712","description":"System roles root","editLayouts":true,"editPermissions":false,"editUsers":false,"fqn":null,"id":"2adccac3-a56b-4078-be40-94e343f20712","locked":false,"name":"System","parent":"2adccac3-a56b-4078-be40-94e343f20712","roleChildren":null,"roleKey":"System","system":false,"user":false},{"dbfqn":"9ac1ff78-71a9-4485-a541-9d1418b17aa4 --> 30243735-684a-4fdb-aaca-f2012a1bc946","description":"","editLayouts":true,"editPermissions":true,"editUsers":false,"fqn":null,"id":"30243735-684a-4fdb-aaca-f2012a1bc946","locked":false,"name":" ","parent":"9ac1ff78-71a9-4485-a541-9d1418b17aa4","roleChildren":null,"roleKey":"dotcms.org.default","system":true,"user":false},{"dbfqn":"2adccac3-a56b-4078-be40-94e343f20712 --> 52181fb6-65c8-4221-8d17-1da8b0e20784","description":"Anyone who can Edit Permissions Content","editLayouts":false,"editPermissions":true,"editUsers":true,"fqn":null,"id":"52181fb6-65c8-4221-8d17-1da8b0e20784","locked":false,"name":"Anyone who can Edit Permissions Content","parent":"2adccac3-a56b-4078-be40-94e343f20712","roleChildren":null,"roleKey":"cms_workflow_any_who_can_edit_permissions","system":true,"user":false},{"dbfqn":"2adccac3-a56b-4078-be40-94e343f20712 --> 617f7300-5c7b-463f-9554-380b918520bc","description":"Anyone who can Edit Content","editLayouts":false,"editPermissions":true,"editUsers":true,"fqn":null,"id":"617f7300-5c7b-463f-9554-380b918520bc","locked":false,"name":"Anyone who can Edit Content","parent":"2adccac3-a56b-4078-be40-94e343f20712","roleChildren":null,"roleKey":"cms_workflow_any_who_can_edit","system":true,"user":false},{"dbfqn":"2adccac3-a56b-4078-be40-94e343f20712 --> 654b0931-1027-41f7-ad4d-173115ed8ec1","description":"","editLayouts":true,"editPermissions":true,"editUsers":true,"fqn":null,"id":"654b0931-1027-41f7-ad4d-173115ed8ec1","locked":false,"name":"CMS Anonymous","parent":"2adccac3-a56b-4078-be40-94e343f20712","roleChildren":null,"roleKey":"CMS Anonymous","system":false,"user":false},{"dbfqn":"2adccac3-a56b-4078-be40-94e343f20712 --> 6b1fa42f-8729-4625-80d1-17e4ef691ce7","description":"","editLayouts":true,"editPermissions":true,"editUsers":true,"fqn":null,"id":"6b1fa42f-8729-4625-80d1-17e4ef691ce7","locked":false,"name":"CMS Owner","parent":"2adccac3-a56b-4078-be40-94e343f20712","roleChildren":null,"roleKey":"CMS Owner","system":false,"user":false},{"dbfqn":"2adccac3-a56b-4078-be40-94e343f20712 --> 6f9d5449-8f48-4179-a2ad-1983d6217fef","description":"","editLayouts":true,"editPermissions":true,"editUsers":true,"fqn":null,"id":"6f9d5449-8f48-4179-a2ad-1983d6217fef","locked":false,"name":"Login As","parent":"2adccac3-a56b-4078-be40-94e343f20712","roleChildren":null,"roleKey":"Login As","system":false,"user":false},{"dbfqn":"2adccac3-a56b-4078-be40-94e343f20712 --> 742c9eb3-8651-4df4-b1dc-00c8c64aee4f","description":"","editLayouts":true,"editPermissions":true,"editUsers":true,"fqn":null,"id":"742c9eb3-8651-4df4-b1dc-00c8c64aee4f","locked":false,"name":"LDAP User","parent":"2adccac3-a56b-4078-be40-94e343f20712","roleChildren":null,"roleKey":"LDAP User","system":false,"user":false},{"dbfqn":"2adccac3-a56b-4078-be40-94e343f20712 --> 892ab105-f212-407f-8fb4-58ec59310a5e","description":"","editLayouts":true,"editPermissions":false,"editUsers":true,"fqn":null,"id":"892ab105-f212-407f-8fb4-58ec59310a5e","locked":false,"name":"CMS Administrator","parent":"2adccac3-a56b-4078-be40-94e343f20712","roleChildren":null,"roleKey":"CMS Administrator","system":false,"user":false},{"dbfqn":"2adccac3-a56b-4078-be40-94e343f20712 --> 999cd6bf-5cef-4729-8543-696086143884","description":"LoggedIn Site User","editLayouts":false,"editPermissions":true,"editUsers":true,"fqn":null,"id":"999cd6bf-5cef-4729-8543-696086143884","locked":true,"name":"Front-end User","parent":"2adccac3-a56b-4078-be40-94e343f20712","roleChildren":null,"roleKey":"DOTCMS_FRONT_END_USER","system":true,"user":false},{"dbfqn":"9ac1ff78-71a9-4485-a541-9d1418b17aa4","description":"User Roles root","editLayouts":true,"editPermissions":false,"editUsers":false,"fqn":null,"id":"9ac1ff78-71a9-4485-a541-9d1418b17aa4","locked":false,"name":"Users","parent":"9ac1ff78-71a9-4485-a541-9d1418b17aa4","roleChildren":null,"roleKey":"cms_users","system":false,"user":false},{"dbfqn":"2adccac3-a56b-4078-be40-94e343f20712 --> c3eb4526-6d96-48d8-9540-e5fa560cfc0f","description":"Anyone who can Publish Content","editLayouts":false,"editPermissions":true,"editUsers":true,"fqn":null,"id":"c3eb4526-6d96-48d8-9540-e5fa560cfc0f","locked":false,"name":"Anyone who can Publish Content","parent":"2adccac3-a56b-4078-be40-94e343f20712","roleChildren":null,"roleKey":"cms_workflow_any_who_can_publish","system":true,"user":false},{"dbfqn":"9ac1ff78-71a9-4485-a541-9d1418b17aa4 --> e7d4e34e-5127-45fc-8123-d48b62d510e3","description":"","editLayouts":true,"editPermissions":true,"editUsers":false,"fqn":null,"id":"e7d4e34e-5127-45fc-8123-d48b62d510e3","locked":false,"name":"Admin User","parent":"9ac1ff78-71a9-4485-a541-9d1418b17aa4","roleChildren":null,"roleKey":"dotcms.org.1","system":false,"user":false},{"dbfqn":"9ac1ff78-71a9-4485-a541-9d1418b17aa4 --> edecd377-2321-4803-aa8b-89797dd0d61f","description":"","editLayouts":true,"editPermissions":true,"editUsers":false,"fqn":null,"id":"edecd377-2321-4803-aa8b-89797dd0d61f","locked":false,"name":"anonymous user anonymous","parent":"9ac1ff78-71a9-4485-a541-9d1418b17aa4","roleChildren":null,"roleKey":"anonymous","system":false,"user":false},{"dbfqn":"2adccac3-a56b-4078-be40-94e343f20712 --> ff4d1504-a077-4874-b89b-9844d10d5b6d","description":"","editLayouts":false,"editPermissions":false,"editUsers":true,"fqn":null,"id":"ff4d1504-a077-4874-b89b-9844d10d5b6d","locked":false,"name":"Scripting User","parent":"2adccac3-a56b-4078-be40-94e343f20712","roleChildren":null,"roleKey":"Scripting Developer","system":false,"user":false}]