[{"comment":"Content copied from content id: 4142172c17bb437961ae108e6a443b6e","creationDate":1706188125701,"id":"14c62acd-15a9-40ad-96fa-329dae35365c","inode":"14c62acd-15a9-40ad-96fa-329dae35365c","map":{"comment":"Content copied from content id: 4142172c17bb437961ae108e6a443b6e","creationDate":1706188125701,"postedBy":"system"},"new":true,"postedBy":"system","workflowtaskId":"79ce933f-7594-4777-b77d-99a42cf0334e"},{"comment":"Content copied from content id: 2b85c348e2158e7cd6824b43398b917e","creationDate":1706172099485,"id":"412f90c5-8e76-4bbc-92b5-3d46309d5655","inode":"412f90c5-8e76-4bbc-92b5-3d46309d5655","map":{"comment":"Content copied from content id: 2b85c348e2158e7cd6824b43398b917e","creationDate":1706172099485,"postedBy":"dotcms.org.1"},"new":true,"postedBy":"dotcms.org.1","workflowtaskId":"1ec1dbef-1f0a-4a8d-87dc-12e9667610d6"},{"comment":"Content copied from content id: f3565e91996e1e8aedf9ea6c83af4d10","creationDate":1706178349263,"id":"849d7faf-e7d5-46cf-ba45-fe9b294a7873","inode":"849d7faf-e7d5-46cf-ba45-fe9b294a7873","map":{"comment":"Content copied from content id: f3565e91996e1e8aedf9ea6c83af4d10","creationDate":1706178349263,"postedBy":"dotcms.org.1"},"new":true,"postedBy":"dotcms.org.1","workflowtaskId":"38a90653-d8cd-4f93-8db0-694ed6004b0a"},{"comment":"Content copied from content id: ac6778462c9efbae937db285b90b7a47","creationDate":1706188125642,"id":"c0244096-057a-4e49-a3b7-1d06f8de5122","inode":"c0244096-057a-4e49-a3b7-1d06f8de5122","map":{"comment":"Content copied from content id: ac6778462c9efbae937db285b90b7a47","creationDate":1706188125642,"postedBy":"system"},"new":true,"postedBy":"system","workflowtaskId":"40579151-8fb7-415a-96a0-f4c8d61ca19d"},{"comment":"Content copied from content id: 62f01d7eb87b4e32e9c76f44e9193f35","creationDate":1706172029650,"id":"d58aeb1b-5e9c-4938-81a8-232c04ced686","inode":"d58aeb1b-5e9c-4938-81a8-232c04ced686","map":{"comment":"Content copied from content id: 62f01d7eb87b4e32e9c76f44e9193f35","creationDate":1706172029650,"postedBy":"dotcms.org.1"},"new":true,"postedBy":"dotcms.org.1","workflowtaskId":"a00bc45a-6b6d-46ca-8914-67886cf38018"}]