[{"container":"74a98715f41db5ea314d4116c3e5f181","contentlet":"1c2751cabdfa7bef33c6cc9c3a894e1d","htmlPage":"62f01d7eb87b4e32e9c76f44e9193f35","personalization":"dot:default","relationType":"1","treeOrder":0,"variantId":"DEFAULT"},{"container":"82f8423a04cae1077cad6ab767762e3f","contentlet":"bd72d8be15751fa510fde515c2494079","htmlPage":"62f01d7eb87b4e32e9c76f44e9193f35","personalization":"dot:default","relationType":"1","treeOrder":0,"variantId":"DEFAULT"},{"container":"74a98715f41db5ea314d4116c3e5f181","contentlet":"becebafd69954342ede2641eb5de7821","htmlPage":"9407d44b-14ea-498d-b679-dfe7473e050c","personalization":"dot:default","relationType":"1","treeOrder":0,"variantId":"DEFAULT"},{"container":"82f8423a04cae1077cad6ab767762e3f","contentlet":"31d050cee715be1b2bab2d23cfdfb1be","htmlPage":"9407d44b-14ea-498d-b679-dfe7473e050c","personalization":"dot:default","relationType":"2","treeOrder":0,"variantId":"DEFAULT"},{"container":"8ecb125a330382d933b7217b4918cea4","contentlet":"1c2751cabdfa7bef33c6cc9c3a894e1d","htmlPage":"9407d44b-14ea-498d-b679-dfe7473e050c","personalization":"dot:default","relationType":"-1","treeOrder":1,"variantId":"DEFAULT"},{"container":"8ecb125a330382d933b7217b4918cea4","contentlet":"31d050cee715be1b2bab2d23cfdfb1be","htmlPage":"9407d44b-14ea-498d-b679-dfe7473e050c","personalization":"dot:default","relationType":"-1","treeOrder":0,"variantId":"DEFAULT"},{"container":"74a98715f41db5ea314d4116c3e5f181","contentlet":"87109ec468329f22dfeed06d5c4d4f81","htmlPage":"f3565e91996e1e8aedf9ea6c83af4d10","personalization":"dot:default","relationType":"1","treeOrder":0,"variantId":"DEFAULT"},{"container":"82f8423a04cae1077cad6ab767762e3f","contentlet":"31d050cee715be1b2bab2d23cfdfb1be","htmlPage":"f3565e91996e1e8aedf9ea6c83af4d10","personalization":"dot:default","relationType":"2","treeOrder":0,"variantId":"DEFAULT"},{"container":"8ecb125a330382d933b7217b4918cea4","contentlet":"1c2751cabdfa7bef33c6cc9c3a894e1d","htmlPage":"f3565e91996e1e8aedf9ea6c83af4d10","personalization":"dot:default","relationType":"-1","treeOrder":1,"variantId":"DEFAULT"},{"container":"8ecb125a330382d933b7217b4918cea4","contentlet":"31d050cee715be1b2bab2d23cfdfb1be","htmlPage":"f3565e91996e1e8aedf9ea6c83af4d10","personalization":"dot:default","relationType":"-1","treeOrder":0,"variantId":"DEFAULT"},{"container":"74a98715f41db5ea314d4116c3e5f181","contentlet":"f3e16168d0e463d7fef698bcdd66f9d2","htmlPage":"f56d956f6005f9160fc2e7ee5a42b25b","personalization":"dot:default","relationType":"1","treeOrder":0,"variantId":"DEFAULT"},{"container":"8ecb125a330382d933b7217b4918cea4","contentlet":"bd72d8be15751fa510fde515c2494079","htmlPage":"f56d956f6005f9160fc2e7ee5a42b25b","personalization":"dot:default","relationType":"-1","treeOrder":0,"variantId":"DEFAULT"}]