[{"id":"009d6fb9-7c56-432a-b6c4-146567bdf17c","layoutId":"b7ab5d3c-5ee0-4195-a17e-8f5579d718dd","portletId":"c_Pages","portletOrder":2},{"id":"019effab-1092-4b4f-af0e-e2d80d59bd64","layoutId":"89594b95-1354-4a63-8867-c922880107df","portletId":"vanity-urls","portletOrder":2},{"id":"1b3bc427-0f81-4471-9751-a09cc0e77ef7","layoutId":"aa91172e-0fa6-482e-9a8b-1c202c7fca0e","portletId":"es-search","portletOrder":4},{"id":"234c4fd1-5559-4e84-b4d4-ec9f7c8a24ec","layoutId":"aa91172e-0fa6-482e-9a8b-1c202c7fca0e","portletId":"api_playground","portletOrder":5},{"id":"300793ee-af5a-4ed9-908f-1d290fb43f47","layoutId":"a8e430e3-8010-40cf-ade1-5978e61241a8","portletId":"apps","portletOrder":3},{"id":"3150d910-b03b-4e98-9dc9-e57e7fddd277","layoutId":"a8e430e3-8010-40cf-ade1-5978e61241a8","portletId":"configuration","portletOrder":7},{"id":"4534d7e5-ff3d-460c-8652-e2799a1e3324","layoutId":"5e23353d-76a1-4783-b94f-218adbfeba83","portletId":"publishing-queue","portletOrder":1},{"id":"45a02e51-8636-4450-81c6-ec0633310255","layoutId":"a8e430e3-8010-40cf-ade1-5978e61241a8","portletId":"roles","portletOrder":5},{"id":"4881d559-e04e-4c55-9449-9eb2511b4081","layoutId":"b7ab5d3c-5ee0-4195-a17e-8f5579d718dd","portletId":"templates","portletOrder":4},{"id":"5e7c833e-9907-4ecd-86fb-cf8052de2563","layoutId":"56fedb43-dbbf-4ce2-8b77-41fb73bad015","portletId":"tags","portletOrder":3},{"id":"615b5730-0a74-4aaf-9b3c-f25862116552","layoutId":"aa91172e-0fa6-482e-9a8b-1c202c7fca0e","portletId":"graphql","portletOrder":2},{"id":"6c94b5e9-2f3c-47aa-83d1-9971e2faf75b","layoutId":"aa91172e-0fa6-482e-9a8b-1c202c7fca0e","portletId":"query-tool","portletOrder":1},{"id":"6d2fd551-fc2e-4b7b-b8d1-b8b185e939e8","layoutId":"aa91172e-0fa6-482e-9a8b-1c202c7fca0e","portletId":"site-search","portletOrder":3},{"id":"78567fe8-575d-4b8a-9918-36dcef22bdef","layoutId":"56fedb43-dbbf-4ce2-8b77-41fb73bad015","portletId":"categories","portletOrder":2},{"id":"7c68b652-a13b-41b2-a798-a6d1b5911bb8","layoutId":"a8e430e3-8010-40cf-ade1-5978e61241a8","portletId":"rules","portletOrder":2},{"id":"830e76e6-60c7-4398-8e52-26a804a3f298","layoutId":"b7ab5d3c-5ee0-4195-a17e-8f5579d718dd","portletId":"site-browser","portletOrder":1},{"id":"88d2f1a4-4e5b-47ec-ac48-104e90ab72cd","layoutId":"b7ab5d3c-5ee0-4195-a17e-8f5579d718dd","portletId":"publishing-queue","portletOrder":6},{"id":"8a66ce65-878f-4ff3-9c2f-9d577ff0d69f","layoutId":"89594b95-1354-4a63-8867-c922880107df","portletId":"rules","portletOrder":1},{"id":"8b50bd66-2193-4c75-bbf9-b0f7c54712ff","layoutId":"931f0b26-92c1-420b-8fbf-e48089040921","portletId":"site-browser","portletOrder":1},{"id":"8d5b286b-40d5-4065-8a13-d51fe912d674","layoutId":"8beec8db-dc13-4d90-9046-33eadb63c60d","portletId":"c_Images","portletOrder":1},{"id":"90a6f22e-0222-407a-a5a6-73b16bf862af","layoutId":"71b8a1ca-37b6-4b6e-a43b-c7482f28db6c","portletId":"content","portletOrder":1},{"id":"94311c98-f902-4663-b4e6-242663852215","layoutId":"b7ab5d3c-5ee0-4195-a17e-8f5579d718dd","portletId":"containers","portletOrder":3},{"id":"9e7e2695-48d4-4f35-ba71-9c7e9b9e9cf7","layoutId":"56fedb43-dbbf-4ce2-8b77-41fb73bad015","portletId":"languages","portletOrder":5},{"id":"9f375a12-151c-4352-8e40-f5b100fda5e9","layoutId":"aa91172e-0fa6-482e-9a8b-1c202c7fca0e","portletId":"dynamic-plugins","portletOrder":6},{"id":"a86c5a20-3bc8-42ea-9e21-700e02f25538","layoutId":"a8e430e3-8010-40cf-ade1-5978e61241a8","portletId":"users","portletOrder":4},{"id":"aba6e23a-f5db-4ec3-9f8d-302377a793e8","layoutId":"2df9f117-b140-44bf-93d7-5b10a36fb7f9","portletId":"starter","portletOrder":1},{"id":"abdf6431-271b-4e87-ac97-4879d91c023b","layoutId":"5e23353d-76a1-4783-b94f-218adbfeba83","portletId":"time-machine","portletOrder":2},{"id":"b8a6572c-9d34-4192-aa8a-ede979020d1f","layoutId":"8beec8db-dc13-4d90-9046-33eadb63c60d","portletId":"c_Videos","portletOrder":2},{"id":"b8e94db4-9572-4596-b3b0-ed9c0d5fd327","layoutId":"a8e430e3-8010-40cf-ade1-5978e61241a8","portletId":"sites","portletOrder":1},{"id":"bde01936-32a5-4be4-9b1d-59882a5ab466","layoutId":"56fedb43-dbbf-4ce2-8b77-41fb73bad015","portletId":"workflow-schemes","portletOrder":4},{"id":"e0f31f08-cbdf-44a2-841f-5221068f5b13","layoutId":"8beec8db-dc13-4d90-9046-33eadb63c60d","portletId":"c_Files","portletOrder":3},{"id":"e66fe0d5-2bff-496c-b377-9547f1837613","layoutId":"89594b95-1354-4a63-8867-c922880107df","portletId":"forms","portletOrder":3},{"id":"ee19457b-4a0c-4dc6-baea-4a67e416e785","layoutId":"b7ab5d3c-5ee0-4195-a17e-8f5579d718dd","portletId":"vanity-urls","portletOrder":5},{"id":"f54e2760-05be-4105-9849-d1be48b69291","layoutId":"a8e430e3-8010-40cf-ade1-5978e61241a8","portletId":"maintenance","portletOrder":6},{"id":"fb717c0a-21fa-4f52-af2b-d020e6aff135","layoutId":"56fedb43-dbbf-4ce2-8b77-41fb73bad015","portletId":"content-types-angular","portletOrder":1}]