{"content":"#set($itemId = $item.attrs.data.inode)\n#set($titledBlock = $dotcontent.find($itemId))\n\n#dotParse(\"/application/vtl/block/titled/titled-block.vtl\")\n\n","contentType":"text/plain; charset=ISO-8859-1","fileSize":147,"isImage":false,"length":147,"modDate":1705395729909,"name":"dotContent-titledblock.vtl","path":"4/2/42198dc8-d0a0-4172-82ef-2d8b53fd88a3/fileAsset/dotContent-titledblock.vtl","sha256":"3815e87133ca8936fc718292813cfff463c860e58396905897cbb769e852ecfe","title":"dotContent-titledblock.vtl","version":20220201}