{"content":"#set($itemId = $item.attrs.data.inode)\n#set($serviceSlider = $dotcontent.find($itemId))\n\n#dotParse(\"/application/vtl/carousel/service/service-slider.vtl\")\n\n","contentType":"text/plain; charset=ISO-8859-1","fileSize":155,"isImage":false,"length":155,"modDate":1705395728829,"name":"dotContent-serviceslider.vtl","path":"7/0/702b6c0c-7252-477b-bbca-ecdbaa3c9bf7/fileAsset/dotContent-serviceslider.vtl","sha256":"258f3c45301b89712fe60fbd28feecb802b6efe40c9f1eddf1b17df48f497312","title":"dotContent-serviceslider.vtl","version":20220201}