{"content":"#set($logoLink = $cbhelper.getLanguagePath($language) + \"/\")\n\n<section class=\"yettel-footer__container yettel-footer__container--hu\">\n\n    <a aria-label=\"Yettel\" href=\"$!{logoLink}\">\n        <img\n            alt=\"Yettel logo\"\n            class=\"yettel-footer__logo yettel-footer__logo--hu\"\n            src=\"$!{dotTheme.assets}assets/business/yettel-logo.svg\"/>\n    </a>\n\n    <div class=\"yettel-footer__content\">\n        #foreach($linkList in $footer.linkLists)\n            #set ($linkListTitle = \"#getItem($!linkList.displayTitle, $linkList.title)\")\n            <div class=\"yettel-footer-group\">\n                <h4 class=\"yettel-footer-group__title\" onclick=\"yettel.onFooterItemClick(this)\">\n                    #if($foreach.index == 0)\n\n                        <a aria-label=\"Yettel\" href=\"$!{logoLink}\">\n                            <img\n                                alt=\"Yettel logo\"\n                                class=\"yettel-footer__logo\"\n                                src=\"$!{dotTheme.assets}assets/business/yettel-logo.svg\"/>\n                        </a>\n\n                        <span class=\"yettel-footer-group__title--hu\">\n                            $!{linkListTitle}\n                        </span>\n                    #else\n                        $!{linkListTitle}\n                    #end\n\n                    <img alt=\"Down icon\" class=\"yettel-footer-group__title__icon\"/>\n\n                </h4>\n\n                <div class=\"yettel-footer-group__content\">\n                    #foreach($linkItem in $footer.linkList.linkItems)\n                        #dotParse(\"/application/vtl/link-item/link-item.vtl\")\n                    #end\n                </div>\n            </div>\n        #end\n\n        #if($UtilMethods.isSet($footer.dataDeletionContent))\n            <div class=\"yettel-footer-group yettel-footer-data-deletion\">\n                <h4 class=\"yettel-footer-group__title\" onclick=\"yettel.onFooterItemClick(this)\">\n                    $!{text.get(\"yettel.dataDeletionTitle\")}\n\n                    <img alt=\"Down icon\" class=\"yettel-footer-group__title__icon\"/>\n                </h4>\n\n                <div class=\"yettel-footer-group__content--hu yettel-footer-group__content\">\n                    $!{footer.dataDeletionContent}\n                </div>\n            </div>\n        #end\n    </div>\n\n    <div class=\"yettel-footer-newsletter\">\n        <h4>$!{text.get(\"yettel.contact\")}</h4>\n\n        <div>\n            <p data-testid=\"footer-newsletter-phone\">\n                $!{text.get(\"yettel.phone\")}: $!{footer.phoneNumber}\n            </p>\n\n            <p data-testid=\"footer-newsletter-mail\">\n                $!{text.get(\"yettel.emailAddress\")}: $!{footer.emailAddress}\n            </p>\n        </div>\n\n        <div class=\"yettel-footer-newsletter__social\">\n            #foreach($linkItem in $footer.socialMediaLinks)\n                #dotParse(\"/application/vtl/link-item/link-item.vtl\")\n            #end\n        </div>\n\n        #if($UtilMethods.isSet($footer.toggleNewsletterSection.selectedValues))\n            <span data-testid=\"footer-subscribe-message\">\n                $!{text.get(\"yettel.subscribeMessage\")}\n            </span>\n\n            <input\n                aria-label=\"$!{text.get(\"yettel.emailAddress\")}\"\n                class=\"yettel-footer-newsletter__input\"\n                type=\"text\"\n                placeholder=\"$!{text.get(\"yettel.emailAddress\")}\"/>\n        #end\n    </div>\n</section>\n\n","contentType":"text/plain; charset=ISO-8859-1","fileSize":3434,"isImage":false,"length":3434,"modDate":1706087907315,"name":"footer-content-hu.vtl","path":"a/c/acda0c42-68f2-42eb-89a6-ba3a623c677d/fileAsset/footer-content-hu.vtl","sha256":"8b18b558509cf8edd6080a790c16357f448d91444630db771a1280a43b77745e","title":"footer-content-hu.vtl","version":20220201}