{"content":"$dotJSON.put(\"title\", \"Cookie Declaration\")\n$dotJSON.put(\"friendly_name\", \"Cookie Declaration\")\n$dotJSON.put(\"theme\", \"38c73ebea654be5f05ea5f14a1263702\")\n\n","contentType":"text/plain; charset=ISO-8859-1","fileSize":154,"isImage":false,"length":154,"modDate":1706185548641,"name":"properties.vtl","path":"8/8/883f85d7-a4e8-42ed-b850-7759310c42a2/fileAsset/properties.vtl","sha256":"62705f4050906b76cd34eaf2b964c6863dc55798ff3d3bb24b4a0dd9d813b3a3","title":"properties.vtl","version":20220201}