{"content":"#set($itemId = $item.attrs.data.inode)\n#set($promoBanner = $dotcontent.find($itemId))\n\n#dotParse(\"/application/vtl/banner/promo/promo-banner.vtl\")\n\n","contentType":"text/plain; charset=ISO-8859-1","fileSize":147,"isImage":false,"length":147,"modDate":1705395728639,"name":"dotContent-promobanner.vtl","path":"6/8/68f93b39-3a9f-4419-aa09-4d9b70f72da9/fileAsset/dotContent-promobanner.vtl","sha256":"33fb84b9884b607fcae8cc87bc5b258ec33733b8f4b63e02ba230f440e8bbe1a","title":"dotContent-promobanner.vtl","version":20220201}