{"content":"#set($itemId = $item.attrs.data.inode)\n#set($messageBoxBanner = $dotcontent.find($itemId))\n\n#dotParse(\"/application/vtl/banner/messagebox/messagebox-banner.vtl\")\n\n","contentType":"text/plain; charset=ISO-8859-1","fileSize":162,"isImage":false,"length":162,"modDate":1705395727989,"name":"dotContent-messageboxbanner.vtl","path":"4/8/482e73a2-9505-44b6-80be-3d530b9e8c98/fileAsset/dotContent-messageboxbanner.vtl","sha256":"3ce9de72a86b4cc84d7c75e4de753a7a20e9599e61888e6d3d0a4451cb4ecb1d","title":"dotContent-messageboxbanner.vtl","version":20220201}