{"content":"<footer>\n      <p>&copy; Content Bloom, 2024. All Rights Reserved..</p>\n      <address>\n        123 Main Street, Anytown, USA<br>\n        Phone: (123) 456-7890<br>\n        Email: info@mywebpage.com\n      </address>\n    </footer>\n","contentType":"text/plain; charset=ISO-8859-1","fileSize":228,"isImage":false,"length":228,"modDate":1706172233819,"name":"footer.vtl","path":"a/c/acae10fe-9c94-4ef0-8115-03c8ef39b537/fileAsset/footer.vtl","sha256":"5fd9e7652c9d247ba24f8bc6bbf6b3106e595707a4b05026c23d7377b8b3a13d","title":"footer.vtl","version":20220201}