{"content":"\n    #if($request.getAttribute(\"User-Agent\") != \"DOTCMS-SITESEARCH\") ## prevent from being indexed by dotCMS site search\n        Jump to main content\n        #dotParse(\"${dotTheme.path}partial/body/body_tagmanager.vtl\")\n    #end\n    \n\n        #if($dotThemeLayout.header && $request.getAttribute(\"User-Agent\") != \"DOTCMS-SITESEARCH\") ## prevent from being indexed by dotCMS site search\n            #if($UtilMethods.isSet($dotPageContent.header))\n                #set($header = $dotcontent.find($dotPageContent.header.identifier))\n            #elseif($UtilMethods.isSet($configuration.header))\n                #set($header = $dotcontent.find($configuration.header.identifier))\n            #end\n            #if($UtilMethods.isSet($header))\n                #dotParse(\"${dotTheme.path}partial/header/header.vtl\")\n            #end\n        #end\n\n         #dotParse(\"${dotTheme.path}partial/header/header.vtl\")\n         #dotParse(\"${dotTheme.path}partial/content/content.vtl\")\n         #dotParse(\"${dotTheme.path}partial/footer/footer.vtl\")\n\n       \n    \n\n\n    #dotParse(\"${dotTheme.path}partial/body/body_scripts.vtl\")\n","contentType":"text/html; charset=ISO-8859-1","fileSize":1274,"isImage":false,"length":1274,"modDate":1706178718352,"name":"body.vtl","path":"3/8/387c63af-d228-4dca-88c1-889a9a12ab22/fileAsset/body.vtl","sha256":"a9a9bd91f006635b14f242ac31276b0d2d6943a651037e35c9a5d3c3f6bc17b5","title":"body.vtl","version":20220201}