{"content":"\n    \n        \n        \n\n        \n\n            \n                \n            \n\n            \n                \n                    $!{error.errorTitle}\n                \n\n                \n                    $!{error.errorDescription}\n                \n\n                \n                    $!{error.errorLink}\n                \n\n            \n        \n\n    \n\n\n\n","contentType":"text/html; charset=ISO-8859-1","fileSize":839,"isImage":false,"length":839,"modDate":1705395731739,"name":"error.vtl","path":"6/3/63bf918d-bd8d-4a1e-a74b-985d425d0f79/fileAsset/error.vtl","sha256":"decfe99adb9cb5e0fc6536e51a5b48711ab2d8444aed8da45a029e6d5fbae055","title":"error.vtl","version":20220201}