{"content":"<svg width=\"28\" height=\"28\" viewBox=\"0 0 28 28\" fill=\"none\" xmlns=\"http://www.w3.org/2000/svg\">\n    <path d=\"M18.6608 13.333C19.1164 13.7886 19.1164 14.5273 18.6608 14.9829L11.1611 22.4825L9.51123 20.8326L16.1859 14.1579L9.51123 7.48323L11.1611 5.83331L18.6608 13.333Z\" fill=\"#ffffff\"/>\n</svg>\n\n","contentType":"text/plain; charset=ISO-8859-1","fileSize":294,"height":28,"isImage":true,"length":294,"modDate":1706178715202,"name":"right-icon-white.svg","path":"0/5/05c3910a-b3da-40c3-8f8d-7ff5c329503e/fileAsset/right-icon-white.svg","sha256":"bc3b89d06504e693dac0edba9d0cd91d2b6e2d17aaba23aca9517dcdfc55903d","title":"right-icon-white.svg","version":20220201,"width":28}