{"content":"/* xlsx.js (C) 2013-2015 SheetJS -- http://sheetjs.com */\n/* vim: set ts=2: */\n/*jshint -W041 */\n/*jshint funcscope:true, eqnull:true */\nvar XLSX = {};\n(function make_xlsx(XLSX) {\n    XLSX.version = '0.8.0';\n    var current_codepage = 1200,\n        current_cptable;\n    if (typeof module !== 'undefined' && typeof require !== 'undefined') {\n        if (typeof cptable === 'undefined') cptable = require('./dist/cpexcel');\n        current_cptable = cptable[current_codepage];\n    }\n    function reset_cp() {\n        set_cp(1200);\n    }\n    var set_cp = function (cp) {\n        current_codepage = cp;\n    };\n\n    function char_codes(data) {\n        var o = [];\n        for (var i = 0, len = data.length; i < len; ++i) o[i] = data.charCodeAt(i);\n        return o;\n    }\n    var debom_xml = function (data) {\n        return data;\n    };\n\n    var _getchar = function _gc1(x) {\n        return String.fromCharCode(x);\n    };\n    if (typeof cptable !== 'undefined') {\n        set_cp = function (cp) {\n            current_codepage = cp;\n            current_cptable = cptable[cp];\n        };\n        debom_xml = function (data) {\n            if (data.charCodeAt(0) === 0xff && data.charCodeAt(1) === 0xfe) {\n                return cptable.utils.decode(1200, char_codes(data.substr(2)));\n            }\n            return data;\n        };\n        _getchar = function _gc2(x) {\n            if (current_codepage === 1200) return String.fromCharCode(x);\n            return cptable.utils.decode(current_codepage, [x & 255, x >> 8])[0];\n        };\n    }\n    var Base64 = (function make_b64() {\n        var map = 'ABCDEFGHIJKLMNOPQRSTUVWXYZabcdefghijklmnopqrstuvwxyz0123456789+/=';\n        return {\n            encode: function (input, utf8) {\n                var o = '';\n                var c1, c2, c3, e1, e2, e3, e4;\n                for (var i = 0; i < input.length; ) {\n                    c1 = input.charCodeAt(i++);\n                    c2 = input.charCodeAt(i++);\n                    c3 = input.charCodeAt(i++);\n                    e1 = c1 >> 2;\n                    e2 = ((c1 & 3) << 4) | (c2 >> 4);\n                    e3 = ((c2 & 15) << 2) | (c3 >> 6);\n                    e4 = c3 & 63;\n                    if (isNaN(c2)) {\n                        e3 = e4 = 64;\n                    } else if (isNaN(c3)) {\n                        e4 = 64;\n                    }\n                    o += map.charAt(e1) + map.charAt(e2) + map.charAt(e3) + map.charAt(e4);\n                }\n                return o;\n            },\n            decode: function b64_decode(input, utf8) {\n                var o = '';\n                var c1, c2, c3;\n                var e1, e2, e3, e4;\n                input = input.replace(/[^A-Za-z0-9\\+\\/\\=]/g, '');\n                for (var i = 0; i < input.length; ) {\n                    e1 = map.indexOf(input.charAt(i++));\n                    e2 = map.indexOf(input.charAt(i++));\n                    e3 = map.indexOf(input.charAt(i++));\n                    e4 = map.indexOf(input.charAt(i++));\n                    c1 = (e1 << 2) | (e2 >> 4);\n                    c2 = ((e2 & 15) << 4) | (e3 >> 2);\n                    c3 = ((e3 & 3) << 6) | e4;\n                    o += String.fromCharCode(c1);\n                    if (e3 != 64) {\n                        o += String.fromCharCode(c2);\n                    }\n                    if (e4 != 64) {\n                        o += String.fromCharCode(c3);\n                    }\n                }\n                return o;\n            },\n        };\n    })();\n    var has_buf = typeof Buffer !== 'undefined';\n\n    function new_raw_buf(len) {\n        /* jshint -W056 */\n        return new (has_buf ? Buffer : Array)(len);\n        /* jshint +W056 */\n    }\n\n    function s2a(s) {\n        if (has_buf) return new Buffer(s, 'binary');\n        return s.split('').map(function (x) {\n            return x.charCodeAt(0) & 0xff;\n        });\n    }\n\n    var bconcat = function (bufs) {\n        return [].concat.apply([], bufs);\n    };\n\n    var chr0 = /\\u0000/g,\n        chr1 = /[\\u0001-\\u0006]/;\n    /* ssf.js (C) 2013-2014 SheetJS -- http://sheetjs.com */\n    /*jshint -W041 */\n    var SSF = {};\n    var make_ssf = function make_ssf(SSF) {\n        SSF.version = '0.8.1';\n        function _strrev(x) {\n            var o = '',\n                i = x.length - 1;\n            while (i >= 0) o += x.charAt(i--);\n            return o;\n        }\n        function fill(c, l) {\n            var o = '';\n            while (o.length < l) o += c;\n            return o;\n        }\n        function pad0(v, d) {\n            var t = '' + v;\n            return t.length >= d ? t : fill('0', d - t.length) + t;\n        }\n        function pad_(v, d) {\n            var t = '' + v;\n            return t.length >= d ? t : fill(' ', d - t.length) + t;\n        }\n        function rpad_(v, d) {\n            var t = '' + v;\n            return t.length >= d ? t : t + fill(' ', d - t.length);\n        }\n        function pad0r1(v, d) {\n            var t = '' + Math.round(v);\n            return t.length >= d ? t : fill('0', d - t.length) + t;\n        }\n        function pad0r2(v, d) {\n            var t = '' + v;\n  ","contentType":"text/plain; charset=UTF-8","fileSize":577186,"isImage":false,"length":577186,"modDate":1706185062679,"name":"cdnjs.cloudflare.com_ajax_libs_xlsx_0.8.0_xlsx.js","path":"0/0/007654bc-3616-49b1-b864-9ad029ad62df/fileAsset/cdnjs.cloudflare.com_ajax_libs_xlsx_0.8.0_xlsx.js","sha256":"409c21f68612a2eda182e7dade4412388d8a6e7ee2a0767a2b350787628dacb4","title":"cdnjs.cloudflare.com_ajax_libs_xlsx_0.8.0_xlsx.js","version":20220201}