{"content":"$dotJSON.put(\"title\", \"Service Page\")\n$dotJSON.put(\"friendly_name\", \"Service Page\")\n$dotJSON.put(\"theme\", \"38c73ebea654be5f05ea5f14a1263702\")\n\n","contentType":"text/plain; charset=ISO-8859-1","fileSize":142,"isImage":false,"length":142,"modDate":1706185550231,"name":"properties.vtl","path":"d/b/db1d8ea0-2e4e-46eb-a85e-fc34f94b132a/fileAsset/properties.vtl","sha256":"a161463966d7e8a022c74843449c3df49e0217122abf7bd7d3400aa67c61c6e6","title":"properties.vtl","version":20220201}