{"content":"<svg width=\"28\" height=\"28\" viewBox=\"0 0 28 28\" fill=\"none\" xmlns=\"http://www.w3.org/2000/svg\">\n    <path d=\"M18.6603 13.3326C19.1159 13.7883 19.1159 14.527 18.6603 14.9826L11.1607 22.4822L9.51074 20.8323L16.1854 14.1576L9.51074 7.48292L11.1607 5.83301L18.6603 13.3326Z\" fill=\"#26445D\"/>\n</svg>\n\n","contentType":"text/plain; charset=ISO-8859-1","fileSize":295,"height":28,"isImage":true,"length":295,"modDate":1706087902765,"name":"chevron-right-light.svg","path":"3/f/3f9cb145-aefe-4b0a-8ea6-23813f762cfa/fileAsset/chevron-right-light.svg","sha256":"9cca780c94003df5d817658f37aeb5af2cd3e9313615ca771eabd94581c898e6","title":"chevron-right-light.svg","version":20220201,"width":28}