{"content":"{\n    \"header\": true,\n    \"footer\": true,\n    \"body\": {\n        \"rows\": [\n            {\n                \"styleClass\": \"first-top-padding yettel-padding-bottom-3\",\n                \"columns\": [\n                    {\n                        \"leftOffset\": 1,\n                        \"width\": 12,\n                        \"styleClass\": \"\",\n                        \"containers\": [\n                            {\n                                \"identifier\": \"//default/application/containers/banner/\",\n                                \"uuid\": \"1\"\n                            }\n                        ]\n                    }\n                ]\n            },\n            {\n                \"styleClass\": \"background-color--yettel-navy-blue color--yettel-white\",\n                \"columns\": [\n                    {\n                        \"leftOffset\": 1,\n                        \"width\": 12,\n                        \"styleClass\": \"\",\n                        \"containers\": [\n                            {\n                                \"identifier\": \"//default/application/containers/banner/\",\n                                \"uuid\": \"2\"\n                            }\n                        ]\n                    }\n                ]\n            },\n            {\n                \"styleClass\": \"yettel-padding-top-3 yettel-padding-bottom-3\",\n                \"columns\": [\n                    {\n                        \"leftOffset\": 1,\n                        \"width\": 4,\n                        \"styleClass\": \"\",\n                        \"containers\": [\n                            {\n                                \"identifier\": \"//default/application/containers/card/\",\n                                \"uuid\": \"3\"\n                            }\n                        ]\n                    },\n                    {\n                        \"leftOffset\": 5,\n                        \"width\": 4,\n                        \"styleClass\": \"\",\n                        \"containers\": [\n                            {\n                                \"identifier\": \"//default/application/containers/card/\",\n                                \"uuid\": \"4\"\n                            }\n                        ]\n                    },\n                    {\n                        \"leftOffset\": 9,\n                        \"width\": 4,\n                        \"styleClass\": \"\",\n                        \"containers\": [\n                            {\n                                \"identifier\": \"//default/application/containers/card/\",\n                                \"uuid\": \"5\"\n                            }\n                        ]\n                    }\n                ]\n            },\n            {\n                \"styleClass\": \"background-color--yettel-sky\",\n                \"columns\": [\n                    {\n                        \"leftOffset\": 1,\n                        \"width\": 12,\n                        \"styleClass\": \"\",\n                        \"containers\": [\n                            {\n                                \"identifier\": \"//default/application/containers/banner/\",\n                                \"uuid\": \"6\"\n                            }\n                        ]\n                    }\n                ]\n            },\n            {\n                \"styleClass\": \"yettel-fade-gallery\",\n                \"columns\": [\n                    {\n                        \"leftOffset\": 2,\n                        \"width\": 3,\n                        \"styleClass\": \"\",\n                        \"containers\": [\n                            {\n                                \"identifier\": \"//default/application/containers/fade-illustration/\",\n                                \"uuid\": \"7\"\n                            }\n                        ]\n                    },\n                    {\n                        \"leftOffset\": 6,\n                        \"width\": 2,\n                        \"styleClass\": \"\",\n                        \"containers\": [\n                            {\n                                \"identifier\": \"//default/application/containers/fade-illustration/\",\n                                \"uuid\": \"8\"\n                            }\n                        ]\n                    },\n                    {\n                        \"leftOffset\": 9,\n                        \"width\": 3,\n                        \"styleClass\": \"\",\n                        \"containers\": [\n                            {\n                                \"identifier\": \"//default/application/containers/fade-illustration/\",\n                                \"uuid\": \"9\"\n                            }\n                        ]\n                    }\n                ]\n            },\n            {\n                \"styleClass\": \"yettel-padding-bottom-3\",\n                \"columns\": [\n                    {\n                        \"leftOffset\": 1,\n                        \"width\": 12,\n                        \"styleClass\": \"\",\n                        \"containers\": [\n                            {\n                                \"identifier\": \"//default/application/containers/banner/\",\n                                \"uuid\": \"10\"\n                      ","contentType":"text/plain; charset=ISO-8859-1","fileSize":6366,"isImage":false,"length":6366,"modDate":1705395736059,"name":"layout.json","path":"c/b/cb469d88-347b-438d-a569-fc7801663018/fileAsset/layout.json","sha256":"94785f8b737f8a9a08293c6f7b4d7cc38c95bcac4414f8c54fdf8baf58aa2b6f","title":"layout.json","version":20220201}