{"content":"/*!******************************************************************************************************************************************************************************************************************************************************************************************************************************************************!*\\\n  !*** css ./node_modules/css-loader/dist/cjs.js??ruleSet[1].rules[1].use[1]!./node_modules/postcss-loader/dist/cjs.js??ruleSet[1].rules[1].use[2]!./node_modules/resolve-url-loader/index.js??ruleSet[1].rules[1].use[3]!./node_modules/sass-loader/dist/cjs.js??ruleSet[1].rules[1].use[4]!./src/default/application/themes/contentbloom/index.scss ***!\n  \\******************************************************************************************************************************************************************************************************************************************************************************************************************************************************/\n@charset \"UTF-8\";\n:root {\n  --yettel-black: #000000;\n  --yettel-grey-50: #f2f4f5;\n  --yettel-grey-100: #e5e9ec;\n  --yettel-grey-150: #d9d9d9;\n  --yettel-grey-200: #ccd3d9;\n  --yettel-grey-500: #80919f;\n  --yettel-grey-400: #99a7b3;\n  --yettel-grey-600: #667b8c;\n  --yettel-grey-700: #4d6579;\n  --yettel-grey-800: #334f66;\n  --yettel-grey: #808080;\n  --yettel-lime: #b4ff00;\n  --yettel-lime-500: #a9eb00;\n  --yettel-navy-blue-300: #9fc7d6;\n  --yettel-navy-blue-600: #26445d;\n  --yettel-navy-blue-800: #004672;\n  --yettel-navy-blue: #002340;\n  --yettel-sky-200: #e4f2f7;\n  --yettel-sky: #c4dfe9;\n  --yettel-white-10: #f3f3f3;\n  --yettel-white-50: #e6eaed;\n  --yettel-white-whisper: #e6e6e6;\n  --yettel-white: #ffffff;\n  --yettel-alert-100: #ffe9d3;\n  --yettel-alert-200: #ffcea9;\n  --yettel-alert-700: #b72014;\n  --yettel-alert-800: #930c0c;\n  --yettel-warning-100: #fff6cf;\n  --yettel-warning-200: #ffeb9f;\n  --yettel-warning-700: #b77a07;\n  --yettel-warning-800: #935e04;\n  --yettel-success-100: #dcfad9;\n  --yettel-success-200: #b9f0ba;\n  --yettel-success-700: #2a9161;\n  --yettel-success-800: #1c7855;\n  --yettel-info-100: #dbf0ff;\n  --yettel-info-200: #b7deff;\n  --yettel-info-700: #2656b7;\n  --yettel-info-800: #183b93;\n  --yettel-info-tooltip: #0086c4;\n}\n\n.cb-dotcms-site .background-color--yettel-black {\n  background-color: var(--yettel-black);\n}\n.cb-dotcms-site .color--yettel-black, .cb-dotcms-site .color--yettel-black > * {\n  color: var(--yettel-black) !important;\n}\n.cb-dotcms-site .background-color--yettel-grey-50 {\n  background-color: var(--yettel-grey-50);\n}\n.cb-dotcms-site .color--yettel-grey-50, .cb-dotcms-site .color--yettel-grey-50 > * {\n  color: var(--yettel-grey-50) !important;\n}\n.cb-dotcms-site .background-color--yettel-grey-100 {\n  background-color: var(--yettel-grey-100);\n}\n.cb-dotcms-site .color--yettel-grey-100, .cb-dotcms-site .color--yettel-grey-100 > * {\n  color: var(--yettel-grey-100) !important;\n}\n.cb-dotcms-site .background-color--yettel-grey-150 {\n  background-color: var(--yettel-grey-150);\n}\n.cb-dotcms-site .color--yettel-grey-150, .cb-dotcms-site .color--yettel-grey-150 > * {\n  color: var(--yettel-grey-150) !important;\n}\n.cb-dotcms-site .background-color--yettel-grey-200 {\n  background-color: var(--yettel-grey-200);\n}\n.cb-dotcms-site .color--yettel-grey-200, .cb-dotcms-site .color--yettel-grey-200 > * {\n  color: var(--yettel-grey-200) !important;\n}\n.cb-dotcms-site .background-color--yettel-grey-400 {\n  background-color: var(--yettel-grey-400);\n}\n.cb-dotcms-site .color--yettel-grey-400, .cb-dotcms-site .color--yettel-grey-400 > * {\n  color: var(--yettel-grey-400) !important;\n}\n.cb-dotcms-site .background-color--yettel-grey-500 {\n  background-color: var(--yettel-grey-500);\n}\n.cb-dotcms-site .color--yettel-grey-500, .cb-dotcms-site .color--yettel-grey-500 > * {\n  color: var(--yettel-grey-500) !important;\n}\n.cb-dotcms-site .background-color--yettel-grey-600 {\n  background-color: var(--yettel-grey-600);\n}\n.cb-dotcms-site .color--yettel-grey-600, .cb-dotcms-site .color--yettel-grey-600 > * {\n  color: var(--yettel-grey-600) !important;\n}\n.cb-dotcms-site .background-color--yettel-grey-700 {\n  background-color: var(--yettel-grey-700);\n}\n.cb-dotcms-site .color--yettel-grey-700, .cb-dotcms-site .color--yettel-grey-700 > * {\n  color: var(--yettel-grey-700) !important;\n}\n.cb-dotcms-site .background-color--yettel-grey-800 {\n  background-color: var(--yettel-grey-800);\n}\n.cb-dotcms-site .color--yettel-grey-800, .cb-dotcms-site .color--yettel-grey-800 > * {\n  color: var(--yettel-grey-800) !important;\n}\n.cb-dotcms-site .background-color--yettel-grey {\n  background-color: var(--yettel-grey);\n}\n.cb-dotcms-site .color--yettel-grey, .cb-dotcms-site .color--yettel-grey > * {\n  color: var(--yettel-grey) !important;\n}\n.cb-dotcms-site .background-color--yettel-lime {\n  background-color: var(--yettel-lime);\n}\n.cb-dotcms-site .color--yettel-lime, .cb-dotcms-site .color--yettel-lime > * {\n  color: var(--yettel-lime) !important;\n}\n.cb-dotcms-site .background-color--yettel-lime-500 {\n  background-color: var(--yettel-lime-5","contentType":"text/plain; charset=ISO-8859-1","fileSize":488655,"isImage":false,"length":488655,"modDate":1706170343856,"name":"bundle.css","path":"e/7/e701ab7d-f50c-46f5-a442-f63d17467ab0/fileAsset/bundle.css","sha256":"b63c145fd07e6759cb86a893a4c65a71dc5a54b5089deaf3a9ee712ea5b8d868","title":"bundle.css","version":20220201}