{"content":"var markerClusterer = (function (t) {\n    'use strict';\n    function e(t, e) {\n        if (!(t instanceof e)) throw new TypeError('Cannot call a class as a function');\n    }\n    function r(t, e) {\n        for (var r = 0; r < e.length; r++) {\n            var n = e[r];\n            (n.enumerable = n.enumerable || !1),\n                (n.configurable = !0),\n                'value' in n && (n.writable = !0),\n                Object.defineProperty(\n                    t,\n                    ((o = n.key),\n                    (i = void 0),\n                    'symbol' ==\n                    typeof (i = (function (t, e) {\n                        if ('object' != typeof t || null === t) return t;\n                        var r = t[Symbol.toPrimitive];\n                        if (void 0 !== r) {\n                            var n = r.call(t, e || 'default');\n                            if ('object' != typeof n) return n;\n                            throw new TypeError('@@toPrimitive must return a primitive value.');\n                        }\n                        return ('string' === e ? String : Number)(t);\n                    })(o, 'string'))\n                        ? i\n                        : String(i)),\n                    n,\n                );\n        }\n        var o, i;\n    }\n    function n(t, e, n) {\n        return (\n            e && r(t.prototype, e),\n            n && r(t, n),\n            Object.defineProperty(t, 'prototype', { writable: !1 }),\n            t\n        );\n    }\n    function o(t, e) {\n        if ('function' != typeof e && null !== e)\n            throw new TypeError('Super expression must either be null or a function');\n        (t.prototype = Object.create(e && e.prototype, {\n            constructor: { value: t, writable: !0, configurable: !0 },\n        })),\n            Object.defineProperty(t, 'prototype', { writable: !1 }),\n            e && a(t, e);\n    }\n    function i(t) {\n        return (\n            (i = Object.setPrototypeOf\n                ? Object.getPrototypeOf.bind()\n                : function (t) {\n                      return t.__proto__ || Object.getPrototypeOf(t);\n                  }),\n            i(t)\n        );\n    }\n    function a(t, e) {\n        return (\n            (a = Object.setPrototypeOf\n                ? Object.setPrototypeOf.bind()\n                : function (t, e) {\n                      return (t.__proto__ = e), t;\n                  }),\n            a(t, e)\n        );\n    }\n    function s(t, e) {\n        if (e && ('object' == typeof e || 'function' == typeof e)) return e;\n        if (void 0 !== e)\n            throw new TypeError('Derived constructors may only return object or undefined');\n        return (function (t) {\n            if (void 0 === t)\n                throw new ReferenceError(\n                    \"this hasn't been initialised - super() hasn't been called\",\n                );\n            return t;\n        })(t);\n    }\n    function u(t) {\n        var e = (function () {\n            if ('undefined' == typeof Reflect || !Reflect.construct) return !1;\n            if (Reflect.construct.sham) return !1;\n            if ('function' == typeof Proxy) return !0;\n            try {\n                return (\n                    Boolean.prototype.valueOf.call(Reflect.construct(Boolean, [], function () {})),\n                    !0\n                );\n            } catch (t) {\n                return !1;\n            }\n        })();\n        return function () {\n            var r,\n                n = i(t);\n            if (e) {\n                var o = i(this).constructor;\n                r = Reflect.construct(n, arguments, o);\n            } else r = n.apply(this, arguments);\n            return s(this, r);\n        };\n    }\n    function c(t, e) {\n        return (\n            (function (t) {\n                if (Array.isArray(t)) return t;\n            })(t) ||\n            (function (t, e) {\n                var r =\n                    null == t\n                        ? null\n                        : ('undefined' != typeof Symbol && t[Symbol.iterator]) || t['@@iterator'];\n                if (null != r) {\n                    var n,\n                        o,\n                        i,\n                        a,\n                        s = [],\n                        u = !0,\n                        c = !1;\n                    try {\n                        if (((i = (r = r.call(t)).next), 0 === e)) {\n                            if (Object(r) !== r) return;\n                            u = !1;\n                        } else\n                            for (\n                                ;\n                                !(u = (n = i.call(r)).done) && (s.push(n.value), s.length !== e);\n                                u = !0\n                            );\n                    } catch (t) {\n                        (c = !0), (o = t);\n                    } finally {\n                        try {\n                            if (!u && null != r.return && ((a = r.return()), Object(a) !== a))\n                                return;\n                        } finally {\n                            if (c) throw o;\n        ","contentType":"text/plain; charset=UTF-8","fileSize":105452,"isImage":false,"length":105452,"modDate":1706097324017,"name":"googlemaps_markerclusterer_2.3.0_dist_index.min.js","path":"c/f/cf438352-1033-45b1-bdf2-de56a3eaf0cf/fileAsset/googlemaps_markerclusterer_2.3.0_dist_index.min.js","sha256":"5e54f9ed520c237eb042e6de7889dd0ddbfd8c9517c759cd058f8221be7e0fd4","title":"googlemaps_markerclusterer_2.3.0_dist_index.min.js","version":20220201}