{"content":"<svg xmlns=\"http://www.w3.org/2000/svg\" width=\"24\" height=\"24\">\n    <path d=\"M2 5v2h20V5H2zm0 6v2h20v-2H2zm0 6v2h20v-2H2z\" fill=\"#b4ff00\"/>\n</svg>\n\n","contentType":"text/plain; charset=ISO-8859-1","fileSize":147,"height":24,"isImage":true,"length":147,"modDate":1706178713149,"name":"menu-icon.svg","path":"7/a/7a2ec4ed-e510-4619-b921-2fa8b42d856b/fileAsset/menu-icon.svg","sha256":"e69a4e6446188d1aa02deb7f5ee775edf773bd467ec06af7beb7b4d9e806c845","title":"menu-icon.svg","version":20220201,"width":24}