{"content":"#set($itemId = $item.attrs.data.inode)\n#set($whyBetterCard = $dotcontent.find($itemId))\n\n#dotParse(\"/application/vtl/card/why-better/why-better-card.vtl\")\n\n","contentType":"text/plain; charset=ISO-8859-1","fileSize":155,"isImage":false,"length":155,"modDate":1705395730329,"name":"dotContent-whybettercard.vtl","path":"7/c/7cca298d-36ab-4822-9302-011d5babb023/fileAsset/dotContent-whybettercard.vtl","sha256":"352469366a8858f5a03297fd4394670092a895812825bb9e9a15f0286e3c85b1","title":"dotContent-whybettercard.vtl","version":20220201}