{"content":"#set($itemId = $item.attrs.data.inode)\n#set($tariffCard = $dotcontent.find($itemId))\n\n#dotParse(\"/application/vtl/card/tariff/tariff-card.vtl\")\n\n","contentType":"text/plain; charset=ISO-8859-1","fileSize":144,"isImage":false,"length":144,"modDate":1705395729499,"name":"dotContent-tariffcard.vtl","path":"7/c/7cb8445f-e3d2-495b-af07-414c5b1d5497/fileAsset/dotContent-tariffcard.vtl","sha256":"71a55698f47897f90251d2527c3fa8f2ec2d3de1f4a53ea08174a1e068039fc8","title":"dotContent-tariffcard.vtl","version":20220201}