{"content":"{\n    \"header\": true,\n    \"footer\": true,\n    \"body\": {\n        \"rows\": [\n            {\n                \"styleClass\": \"yettel-padding-bottom-3\",\n                \"columns\": [\n                    {\n                        \"leftOffset\": 1,\n                        \"width\": 12,\n                        \"styleClass\": \"\",\n                        \"containers\": [\n                            {\n                                \"identifier\": \"//default/application/containers/carousel/\",\n                                \"uuid\": \"1\"\n                            }\n                        ]\n                    }\n                ]\n            },\n            {\n                \"styleClass\": \"yettel-padding-bottom-3\",\n                \"columns\": [\n                    {\n                        \"leftOffset\": 1,\n                        \"width\": 3,\n                        \"styleClass\": \"\",\n                        \"containers\": [\n                            {\n                                \"identifier\": \"//default/application/containers/card/\",\n                                \"uuid\": \"2\"\n                            }\n                        ]\n                    },\n                    {\n                        \"leftOffset\": 4,\n                        \"width\": 3,\n                        \"styleClass\": \"\",\n                        \"containers\": [\n                            {\n                                \"identifier\": \"//default/application/containers/card/\",\n                                \"uuid\": \"3\"\n                            }\n                        ]\n                    },\n                    {\n                        \"leftOffset\": 7,\n                        \"width\": 3,\n                        \"styleClass\": \"\",\n                        \"containers\": [\n                            {\n                                \"identifier\": \"//default/application/containers/card/\",\n                                \"uuid\": \"4\"\n                            }\n                        ]\n                    },\n                    {\n                        \"leftOffset\": 10,\n                        \"width\": 3,\n                        \"styleClass\": \"\",\n                        \"containers\": [\n                            {\n                                \"identifier\": \"//default/application/containers/card/\",\n                                \"uuid\": \"5\"\n                            }\n                        ]\n                    }\n                ]\n            },\n            {\n                \"styleClass\": \"yettel-padding-bottom-3 yettel-padding-top-3 background-color--yettel-sky\",\n                \"columns\": [\n                    {\n                        \"leftOffset\": 1,\n                        \"width\": 12,\n                        \"styleClass\": \"\",\n                        \"containers\": [\n                            {\n                                \"identifier\": \"//default/application/containers/carousel/\",\n                                \"uuid\": \"6\"\n                            }\n                        ]\n                    }\n                ]\n            },\n            {\n                \"styleClass\": \"\",\n                \"columns\": [\n                    {\n                        \"leftOffset\": 1,\n                        \"width\": 12,\n                        \"styleClass\": \"\",\n                        \"containers\": [\n                            {\n                                \"identifier\": \"//default/application/containers/banner/\",\n                                \"uuid\": \"7\"\n                            }\n                        ]\n                    }\n                ]\n            },\n            {\n                \"styleClass\": \"\",\n                \"columns\": [\n                    {\n                        \"leftOffset\": 1,\n                        \"width\": 12,\n                        \"styleClass\": \"\",\n                        \"containers\": [\n                            {\n                                \"identifier\": \"//default/application/containers/banner/\",\n                                \"uuid\": \"8\"\n                            }\n                        ]\n                    }\n                ]\n            }\n        ]\n    },\n    \"sidebar\": null\n}\n\n","contentType":"text/plain; charset=ISO-8859-1","fileSize":4169,"isImage":false,"length":4169,"modDate":1705395738163,"name":"layout.json","path":"4/a/4a7c562b-16c2-4940-a861-5032889001f3/fileAsset/layout.json","sha256":"3f1a28c1ccf82fac792ac289ad95517d72d354b3d12c2e6d10a7e3711ad54ff0","title":"layout.json","version":20220201}