{"content":"<a id=\"anchor-content-$!{heroCarousel.identifier}\" class=\"content-anchor\"></a>\n#set($imageWidth =\"\")\n#if($currentColumnSpan == \"col-lg-12\" || $currentColumnSpan == \"col-lg-11\" || $currentColumnSpan == \"col-lg-10\")\n    #set($imageWidth =\"/1900w\")\n#elseif($currentColumnSpan == \"col-lg-9\" || $currentColumnSpan == \"col-lg-8\" || $currentColumnSpan == \"col-lg-7\")\n    #set($imageWidth =\"/1425w\")\n#else\n    #set($imageWidth =\"/950w\")\n#end\n\n#if($heroCarousel.slides.size() == 1)\n    #set($slide = $heroCarousel.slides.get(0))\n\n    <div class=\"cb-hero-carousel $!{heroCarousel.style}\">\n       #set($slideLink =\"\")\n        #if($UtilMethods.isSet($slide.link.internalPageLink))\n            #set($slideLink = $cbhelper.getLanguagePath($language) + ${slide.link.internalPageLink.url})\n            #set($slideLink = $cbhelper.trimIfExists($slideLink, \"index\"))\n        #elseif($UtilMethods.isSet($slide.link.externalPageLink))\n            #set($slideLink = ${slide.link.externalPageLink})\n        #end\n        #if($UtilMethods.isSet($slideLink) && ($heroCarousel.heroCarouselType.selectValue !=\"imageWithText\"))<a href=\"$!{slideLink}\">#end\n        <picture>\n            <source media=\"(max-width: 767px)\" srcset=\"${slide.mobileImage.shortyUrl.replace(\" \", \"-\")}/jpeg/90q/950w\">\n            <img\n                alt=\"$!{slide.title}\"\n                class=\"cb-hero-carousel__slide\"\n                src=\"$!{slide.desktopImage.shortyUrl}/jpeg/90q$!{imageWidth}\"/>\n        </picture>\n        #if($UtilMethods.isSet($slideLink) && ($heroCarousel.heroCarouselType.selectValue !=\"imageWithText\"))\n            </a>\n        #end\n        #if($heroCarousel.heroCarouselType.selectValue ==\"imageWithText\")\n            #dotParse('/application/vtl/carousel/hero/hero-carousel-with-text-image.vtl')\n        #end\n    </div>\n#else\n    <div class=\"glide cb-hero-carousel $!{heroCarousel.style}\">\n        <div class=\"cb-hero-carousel__controls\" data-glide-el=\"controls\">\n            <div\n                class=\"cb-hero-carousel__chevron-left $!{heroCarousel.style}\"\n                data-glide-dir=\"<\">\n                #dotParse('/application/vtl/common/chevron.vtl')\n            </div>\n\n            <div\n                class=\"$!{heroCarousel.style}\"\n                data-glide-dir=\">\">\n                #dotParse('/application/vtl/common/chevron.vtl')\n            </div>\n        </div>\n\n        <div class=\"glide__track\" data-glide-el=\"track\">\n            <ul class=\"glide__slides\">\n                #foreach($slide in $heroCarousel.slides)\n                    <li class=\"glide__slide\">\n                        #set($slideLink =\"\")\n                        #if($UtilMethods.isSet($slide.link.internalPageLink))\n                            #set($slideLink = $cbhelper.getLanguagePath($language) + ${slide.link.internalPageLink.url})\n                            #set($slideLink = $cbhelper.trimIfExists($slideLink, \"index\"))\n                        #elseif($UtilMethods.isSet($slide.link.externalPageLink))\n                            #set($slideLink = ${slide.link.externalPageLink})\n                        #end\n                       #if($UtilMethods.isSet($slideLink) && ($heroCarousel.heroCarouselType.selectValue !=\"imageWithText\"))<a href=\"$!{slideLink}\">#end\n                             <picture>\n                                <source media=\"(max-width: 767px)\" srcset=\"${slide.mobileImage.shortyUrl.replace(\" \", \"-\")}/jpeg/90q/950w\">\n                                <img\n                                    alt=\"$!{slide.title}\"\n                                    class=\"cb-hero-carousel__slide\"\n                                    src=\"$!{slide.desktopImage.shortyUrl}/jpeg/90q$!{imageWidth}\"/>\n                            </picture>\n                        #if($UtilMethods.isSet($slideLink))</a>#end\n                        #if($heroCarousel.heroCarouselType.selectValue ==\"imageWithText\")\n                            #dotParse('/application/vtl/carousel/hero/hero-carousel-with-text-image.vtl')\n                        #end\n                    </li>\n                #end\n            </ul>\n        </div>\n\n        <div class=\"cb-hero-carousel__indicators\" data-glide-el=\"controls[nav]\">\n            #foreach($index in [0..$math.sub($heroCarousel.slides.size(), 1)])\n                <div class=\"$!{heroCarousel.style}\" data-glide-dir=\"=$!{index}\">\n                    <div class=\"$!{heroCarousel.style}\"></div>\n                </div>\n            #end\n        </div>\n    </div>\n#end\n#set($imageWidth =\"\")\n","contentType":"text/plain; charset=ISO-8859-1","fileSize":4483,"isImage":false,"length":4483,"modDate":1706191878440,"name":"hero-carousel.vtl","path":"8/3/8301646b-0bf4-4ecf-8097-e878cb3c3878/fileAsset/hero-carousel.vtl","sha256":"214329af945c49b7b0716bae075a8cf193aaa1cf9dc7b53e787f8ba9a83d7a8f","title":"hero-carousel.vtl","version":20220201}