{"content":"## Display the breadcrumb and/or page title\n<div class=\"cb-breadcrumb $!{dotPageContent.style}\">\n    <div class=\"cb-breadcrumb-wrapper\"> ## \"wrapper\" required to allow inner padding\n        <div class=\"cb-breadcrumb-inner\">\n        #if ($UtilMethods.isSet($dotPageContent.showBreadcrumb.selectedValues) && $request.getAttribute(\"User-Agent\") != \"DOTCMS-SITESEARCH\") ## prevent from being indexed by dotCMS site search\n            #set ($crumbs = $contents.getEmptyList())\n\n            ## Check if we need to show current page text in breadcrumb (not index page)\n            #set ($currentPageUrl = $!dotPageContent.url.toString().toLowerCase())\n            #if (!$!currentPageUrl.endsWith(\"/index\") && $!currentPageUrl != 'index')\n                #if ($UtilMethods.isSet($dotPageContent.displayTitle))\n                    #set ($crumbTitle = $!{dotPageContent.displayTitle})\n                #else\n                    #set ($crumbTitle = $!{dotPageContent.friendlyName})\n                #end\n\n                #set ($transformedHref = $!dotPageContent.url.toString().toLowerCase())\n                #set ($transformedTitle = $UtilMethods.capitalize($crumbTitle))\n                #set ($_x = $crumbs.add(0,{\"href\":$transformedHref, \"title\":$transformedTitle}))\n            #end\n\n            ## Get the Nav item for the current folder\n            #set ($current = $navtool.getNav())\n\n            ## Build the list of folders to display in the crumbtrail\n            #foreach ($item in [1..25])\n                #if ($current.title == \"System folder\")\n                    #set ($_x=$crumbs.add(0,{\"href\": \"/\", \"title\": $!text.get(\"cb.homePageTitle\"), \"showOnMenu\": true}))\n                    #break\n                #end\n                #if ($current.showOnMenu)\n                    #set ($crumbTitle = $current.title)\n                    #set ($crumbHref = $cbhelper.getLanguagePath($language) + $current.href)\n                    #set ($query = \"+contentType:htmlpageasset +path:\" + $current.href + \"/index\")\n                    #set ($indexPage = $dotcontent.pull($query, 1, \"\"))\n\n                    #if ($indexPage.size() > 0)\n                        #if ($indexPage[0].breadcrumbTitle)\n                            #set ($crumbTitle = $indexPage[0].breadcrumbTitle)\n                        #end\n                        #if ($indexPage[0].breadcrumbUrl)\n                            #set ($crumbHref = $indexPage[0].breadcrumbUrl)\n                        #end\n                    #end\n\n                    #set ($transformedHref = $!crumbHref.toString().toLowerCase() + \"/\")\n                    #set ($transformedTitle = $UtilMethods.capitalize($crumbTitle))\n                    #set ($_x=$crumbs.add(0,{\"href\":$transformedHref, \"title\":$transformedTitle}))\n                #end\n                #set($current = $current.parent)\n            #end\n\n            ## Find backTo element in the breadcrumb\n            #set ($lastIdx = $crumbs.size() - 2)\n            #if ($lastIdx < 0)\n                #set ($backTo = $crumbs[0])\n            #else\n                #set ($backTo = $crumbs[$lastIdx])\n            #end\n\n            <div class=\"cb-breadcrumb-inner__mobile\">\n                #dotParse('/application/vtl/common/chevron.vtl')\n                #if ($backTo.href == \"/\")\n                    <a href=\"$!backTo.href\">$!{text.get(\"cb.breadcrumbBackToHome\")}</a>\n                #else\n                    <a href=\"$!backTo.href\">$!{text.get(\"cb.breadcrumbBackTo\")} $!backTo.title</a>\n                #end\n            </div>\n\n            <div class=\"cb-breadcrumb-inner__nonMobile\">\n                <ul>\n                    #foreach ($crumb in $crumbs)\n                        <li>\n                            #if ($velocityCount.intValue() > 1)\n                                #dotParse('/application/vtl/common/chevron.vtl')\n                            #end\n\n                            #if ($velocityCount == $crumbs.size() && $velocityCount.intValue() > 1)\n                                <span>$crumb.title</span>\n                            #else\n                                <a href=\"$crumb.href\">$crumb.title</a>\n                            #end\n                        </li>\n                    #end\n                </ul>\n            </div>\n        #end\n        #if ($UtilMethods.isSet($dotPageContent.displayTitle))\n            <h1>${dotPageContent.displayTitle}</h1>\n        #end\n        </div>\n    </div>\n</div>\n\n","contentType":"text/plain; charset=ISO-8859-1","fileSize":4418,"isImage":false,"length":4418,"modDate":1706192287855,"name":"breadcrumb.vtl","path":"c/c/cc856c81-e5fe-4e2b-be92-1aaa8be12b47/fileAsset/breadcrumb.vtl","sha256":"d700ff8565db957d0757a58aac263951b2ce5d933a09522be24b305bc04939d1","title":"breadcrumb.vtl","version":20220201}