{"content":"#*\n    Variations Picker Field\n    Creates a custom field with a button to open a picker modal, allowing variations to be selected\n\n    Custom Field Setup\n    - Add a anchor/placeholder element for the custom field to inject into\n    - Parse this VTL file\n    - Execute the 'variation_picker(...)' function to setup the field and functionality\n\n    The configuration for the variations picker comes from an embedded json script element as shown in the example.\n\n    There are two main sections:\n    1. title - this holds the title text and the label that shows on the button to open the picker\n    2. items - this holds an array of the items you wish to present in the picker\n\n    The individual items consist of the following properties:\n    1. class - this is an optional class name\n    2. text - this is the text to show and also place in the visible custom field\n    3. img - this is an optional image src url to show instead of the text\n    4. value - this is the value to store in the content-let and use during render\n    5. style - this contains optional styles that can be added to the item in the picker\n\n    The config script requires an 'id' to be applied and passed using the 'data-config-id' attribute.\n    The dotCMS custom field variable should be passed using the 'data-field-id' attribute.\n\n    Added support for adjusting the config.items, you can now prefix items or postfix items to the config.items list using Javascript.\n    preItems - for array of config.items to be inserted\n    postItems - for array of config.items to be appended\n\n    Example Custom Field\n    <script type=\"application/json\" id=\"style_variations\">\n        {\n            \"title\": \"Select Style Variation\",\n            \"items\": [\n                {\n                    \"class\": \"primary\",\n                    \"text\": \"Primary\",\n                    \"img\": null,\n                    \"value\": \"primary\",\n                    \"style\": \"\"\n                }\n            ]\n        }\n    </script>\n    <div id=\"cb_variations1\" data-field-id=\"style\" data-config-id=\"style_variations\"></div>\n    #dotParse(\"/application/vtl/custom-fields/variations-field.vtl\")\n    <script>\n        variations_field('cb_variations1');\n    </script>\n*#\n<style>\n    .cb-picker-wrapper {\n        display: flex;\n        flex-flow: wrap;\n        justify-content: flex-start;\n        gap: 16px;\n        padding: 4px;\n    }\n\n    .cb-picker-wrapper a {\n        width: 200px;\n        height: 200px;\n        display: block;\n        padding-top: 90px;\n        text-align: center;\n        font-size: large;\n        outline-offset: 2px;\n        outline: white 2px solid;\n        cursor: pointer;\n    }\n\n    .cb-picker-wrapper a:hover:not(.active) {\n        outline-color: var(--cb-alert-800);\n    }\n\n    .cb-picker-wrapper a.active {\n        outline-color: black;\n    }\n\n    .cb-picker > div:first-of-type {\n        max-width: 300px;\n        margin-right: 8px;\n    }\n\n    .primary {\n        color: var(--cb-white);\n        background-color: var(--cb-navy-blue);\n    }\n\n    .secondary {\n        color: var(--cb-navy-blue);\n        background-color: var(--cb-white);\n    }\n\n    .tertiary {\n        color: var(--cb-lime);\n        background-color: var(--cb-navy-blue);\n    }\n\n    .quaternary {\n        color: var(--cb-navy-blue);\n        background-color: var(--cb-lime);\n    }\n\n    .quinary {\n        color: var(--cb-navy-blue);\n        background-color: var(--cb-sky-200);\n    }\n\n    .senary {\n        color: var(--cb-navy-blue);\n        background-color: var(--cb-sky);\n    }\n\n    .septenary {\n        color: var(--cb-black);\n        background-color: var(--cb-grey-50);\n    }\n\n    .warning {\n        color: var(--cb-navy-blue);\n        background-color: var(--cb-warning-100);\n    }\n\n    .alert {\n        color: var(--cb-navy-blue);\n        background-color: var(--cb-alert-100);\n    }\n\n    .success {\n        color: var(--cb-navy-blue);\n        background-color: var(--cb-success-100);\n    }\n\n    :root {\n        --cb-black: #000000;\n        --cb-grey-50: #f2f4f5;\n        --cb-grey-100: #e5e9ec;\n        --cb-grey-150: #d9d9d9;\n        --cb-grey-200: #ccd3d9;\n        --cb-grey-500: #80919f;\n        --cb-grey-600: #667b8c;\n        --cb-grey-700: #4d6579;\n        --cb-grey-800: #334f66;\n        --cb-grey: #808080;\n        --cb-lime: #b4ff00;\n        --cb-lime-500: #a9eb00;\n        --cb-navy-blue-300: #9fc7d6;\n        --cb-navy-blue-600: #26445d;\n        --cb-navy-blue-800: #004672;\n        --cb-navy-blue: #002340;\n        --cb-sky-200: #e4f2f7;\n        --cb-sky: #c4dfe9;\n        --cb-white-10: #f3f3f3;\n        --cb-white-50: #e6eaed;\n        --cb-white-whisper: #e6e6e6;\n        --cb-white: #ffffff;\n        --cb-alert-100: #ffe9d3;\n        --cb-alert-200: #ffcea9;\n        --cb-alert-700: #b72014;\n        --cb-alert-800: #930c0c;\n        --cb-warning-100: #fff6cf;\n        --cb-warning-200: #ffeb9f;\n        --cb-warning-700: #b77a07;\n        --cb-warning-800: #935e04;\n        --cb-success-100: #dcfad9;\n        --cb-success-200: #b9f0ba;\n        --cb-success-700: #2a9161;\n        --cb-success-800: #1c7855;\n        --cb-info-100: #dbf0ff;\n        --cb-in","contentType":"text/plain; charset=ISO-8859-1","fileSize":10986,"isImage":false,"length":10986,"modDate":1706193163841,"name":"variations-field.vtl","path":"3/e/3e20426a-6b7f-4ba6-aae5-bd479de52a1f/fileAsset/variations-field.vtl","sha256":"49b2e2b85f04b9294654fed5d92464bc1d4200c099a87ea14985f2ed8893c7d0","title":"variations-field.vtl","version":20220201}