{"content":"{\n    \"access_token\": \"lJaASC7pJb69oBXonWrpxT7wU0tI3Dmb8w0fxHgTpUiwu5vtHh\",\n    \"token_type\": \"bearer\",\n    \"expires_in\": 3600,\n    \"refresh_token\": \"sOlzVweA89goTM5IJwEzXI35kWJPowHcd9OAvpXvl10Yi2c2E5\"\n}\n\n","contentType":"text/plain; charset=ISO-8859-1","fileSize":204,"isImage":false,"length":204,"modDate":1705395708129,"name":"yettel-search-oauth-token.json","path":"3/0/30d49ff8-7517-437f-8546-e5f65284c85b/fileAsset/yettel-search-oauth-token.json","sha256":"12ff8a9a351cd8cb36816b3ee4596a5bf8570f35c4d02bc77e215c7ed2ad9e09","title":"yettel-search-oauth-token.json","version":20220201}