{"content":"<svg width=\"28\" height=\"28\" viewBox=\"0 0 28 28\" fill=\"none\" xmlns=\"http://www.w3.org/2000/svg\">\n    <path\n        d=\"M8.68595 14.9829C8.23034 14.5273 8.23034 13.7886 8.68595 13.333L16.1856 5.83337L17.8355 7.48329L11.1608 14.158L17.8355 20.8327L16.1856 22.4826L8.68595 14.9829Z\"\n        fill=\"#ffffff\"/>\n</svg>\n\n","contentType":"text/plain; charset=ISO-8859-1","fileSize":310,"height":28,"isImage":true,"length":310,"modDate":1706178714872,"name":"left-icon-white.svg","path":"5/9/5982fc99-492a-44cf-b37d-089720b4b6ea/fileAsset/left-icon-white.svg","sha256":"ce7c6a8faae30924aede1f52633e16e70a302f1a80dd8346468f4c02975592e9","title":"left-icon-white.svg","version":20220201,"width":28}