{"content":"<svg width=\"6\" height=\"10\" viewBox=\"0 0 6 10\" fill=\"none\" xmlns=\"http://www.w3.org/2000/svg\">\n  <path\n    d=\"M5.78399 4.50451C6.07201 4.77816 6.07201 5.22184 5.78399 5.49549L1.04301 10L3.2556e-07 9.00901L4.21947 5L-3.93796e-07 0.990988L1.04301 -4.55915e-08L5.78399 4.50451Z\"\n    fill=\"#667B8C\" />\n</svg>\n","contentType":"text/plain; charset=ISO-8859-1","fileSize":303,"height":10,"isImage":true,"length":303,"modDate":1706087896985,"name":"chevron-right.svg","path":"6/e/6e979940-1164-45b3-a178-f067cd0d5def/fileAsset/chevron-right.svg","sha256":"d1184f3e6dbd32ea246df5ddcd22618232cc9f0739b96bbf4abf4c24828f9d31","title":"chevron-right.svg","version":20220201,"width":6}