{"content":"#set($itemId = $item.attrs.data.inode)\n#set($tabMenu = $dotcontent.find($itemId))\n\n#dotParse(\"/application/vtl/tabmenu/tab-menu.vtl\")\n\n","contentType":"text/plain; charset=ISO-8859-1","fileSize":134,"isImage":false,"length":134,"modDate":1705395729329,"name":"dotContent-tabmenu.vtl","path":"0/f/0fbfc9a6-527a-464c-a30d-799b11b22254/fileAsset/dotContent-tabmenu.vtl","sha256":"10444e366892f2a70acba4f8771b26685bc6be1af2860b5f0ec0d659b886dd68","title":"dotContent-tabmenu.vtl","version":20220201}