{"content":"<svg width=\"28\" height=\"28\" viewBox=\"0 0 28 28\" fill=\"none\" xmlns=\"http://www.w3.org/2000/svg\">\n    <path d=\"M18.6603 13.3326C19.1159 13.7883 19.1159 14.527 18.6603 14.9826L11.1607 22.4822L9.51074 20.8323L16.1854 14.1576L9.51074 7.48292L11.1607 5.83301L18.6603 13.3326Z\" fill=\"#ffffff\"/>\n</svg>\n\n","contentType":"text/plain; charset=ISO-8859-1","fileSize":295,"height":28,"isImage":true,"length":295,"modDate":1706087902845,"name":"chevron-right-white.svg","path":"6/8/68b6ca90-f0e8-4383-be81-12cad7fd1c41/fileAsset/chevron-right-white.svg","sha256":"76cadae4573969063cb68467806105010cfd4ddc6373e5e58e7dfaf6a92b47e1","title":"chevron-right-white.svg","version":20220201,"width":28}