{"content":"#set($itemId = $item.attrs.data.inode)\n#set($fileasset = $dotcontent.find($itemId))\n\n#if ($UtilMethods.isSet($fileasset.description))\n    #set ($linkText = $!{fileasset.description})\n#else\n    #set ($linkText = $!{fileasset.fileName})\n#end\n<a href=\"/dA/$!{itemId}/$!{fileasset.fileName}\" class=\"yettel-download-link\">$!{linkText}</a>\n\n","contentType":"text/plain; charset=ISO-8859-1","fileSize":334,"isImage":false,"length":334,"modDate":1705395727479,"name":"dotContent-fileasset.vtl","path":"a/f/af4ae699-786b-49f3-9932-23fdd5bd7b73/fileAsset/dotContent-fileasset.vtl","sha256":"1a60a85dda4332372fc42a77d79c8c6bb49d04c042cb5c6fae23b61b043b0ef4","title":"dotContent-fileasset.vtl","version":20220201}