{"content":"#set($itemId = $item.attrs.data.inode)\n#set($tariffPlan = $dotcontent.find($itemId))\n\n#dotParse('/application/vtl/banner/plan/tariff-plan.vtl')\n\n","contentType":"text/plain; charset=ISO-8859-1","fileSize":144,"isImage":false,"length":144,"modDate":1705395729649,"name":"dotContent-tariffplan.vtl","path":"9/e/9e67dee8-84ca-4ed2-a33e-c9294b899409/fileAsset/dotContent-tariffplan.vtl","sha256":"e332c5a870867d99f91e0079ad7be720c1107b3f9fd35d3b01e3aa2fafdd2ac9","title":"dotContent-tariffplan.vtl","version":20220201}