{"content":"/*!\n * Bootstrap v5.2.3 (https://getbootstrap.com/)\n * Copyright 2011-2022 The Bootstrap Authors (https://github.com/twbs/bootstrap/graphs/contributors)\n * Licensed under MIT (https://github.com/twbs/bootstrap/blob/main/LICENSE)\n */\n!(function (t, e) {\n    'object' == typeof exports && 'undefined' != typeof module\n        ? (module.exports = e(require('@popperjs/core')))\n        : 'function' == typeof define && define.amd\n        ? define(['@popperjs/core'], e)\n        : ((t = 'undefined' != typeof globalThis ? globalThis : t || self).bootstrap = e(t.Popper));\n})(this, function (t) {\n    'use strict';\n    function e(t) {\n        if (t && t.__esModule) return t;\n        const e = Object.create(null, { [Symbol.toStringTag]: { value: 'Module' } });\n        if (t)\n            for (const i in t)\n                if ('default' !== i) {\n                    const s = Object.getOwnPropertyDescriptor(t, i);\n                    Object.defineProperty(e, i, s.get ? s : { enumerable: !0, get: () => t[i] });\n                }\n        return (e.default = t), Object.freeze(e);\n    }\n    const i = e(t),\n        s = 'transitionend',\n        n = t => {\n            let e = t.getAttribute('data-bs-target');\n            if (!e || '#' === e) {\n                let i = t.getAttribute('href');\n                if (!i || (!i.includes('#') && !i.startsWith('.'))) return null;\n                i.includes('#') && !i.startsWith('#') && (i = `#${i.split('#')[1]}`),\n                    (e = i && '#' !== i ? i.trim() : null);\n            }\n            return e;\n        },\n        o = t => {\n            const e = n(t);\n            return e && document.querySelector(e) ? e : null;\n        },\n        r = t => {\n            const e = n(t);\n            return e ? document.querySelector(e) : null;\n        },\n        a = t => {\n            t.dispatchEvent(new Event(s));\n        },\n        l = t =>\n            !(!t || 'object' != typeof t) &&\n            (void 0 !== t.jquery && (t = t[0]), void 0 !== t.nodeType),\n        c = t =>\n            l(t)\n                ? t.jquery\n                    ? t[0]\n                    : t\n                : 'string' == typeof t && t.length > 0\n                ? document.querySelector(t)\n                : null,\n        h = t => {\n            if (!l(t) || 0 === t.getClientRects().length) return !1;\n            const e = 'visible' === getComputedStyle(t).getPropertyValue('visibility'),\n                i = t.closest('details:not([open])');\n            if (!i) return e;\n            if (i !== t) {\n                const e = t.closest('summary');\n                if (e && e.parentNode !== i) return !1;\n                if (null === e) return !1;\n            }\n            return e;\n        },\n        d = t =>\n            !t ||\n            t.nodeType !== Node.ELEMENT_NODE ||\n            !!t.classList.contains('disabled') ||\n            (void 0 !== t.disabled\n                ? t.disabled\n                : t.hasAttribute('disabled') && 'false' !== t.getAttribute('disabled')),\n        u = t => {\n            if (!document.documentElement.attachShadow) return null;\n            if ('function' == typeof t.getRootNode) {\n                const e = t.getRootNode();\n                return e instanceof ShadowRoot ? e : null;\n            }\n            return t instanceof ShadowRoot ? t : t.parentNode ? u(t.parentNode) : null;\n        },\n        _ = () => {},\n        g = t => {\n            t.offsetHeight;\n        },\n        f = () =>\n            window.jQuery && !document.body.hasAttribute('data-bs-no-jquery')\n                ? window.jQuery\n                : null,\n        p = [],\n        m = () => 'rtl' === document.documentElement.dir,\n        b = t => {\n            var e;\n            (e = () => {\n                const e = f();\n                if (e) {\n                    const i = t.NAME,\n                        s = e.fn[i];\n                    (e.fn[i] = t.jQueryInterface),\n                        (e.fn[i].Constructor = t),\n                        (e.fn[i].noConflict = () => ((e.fn[i] = s), t.jQueryInterface));\n                }\n            }),\n                'loading' === document.readyState\n                    ? (p.length ||\n                          document.addEventListener('DOMContentLoaded', () => {\n                              for (const t of p) t();\n                          }),\n                      p.push(e))\n                    : e();\n        },\n        v = t => {\n            'function' == typeof t && t();\n        },\n        y = (t, e, i = !0) => {\n            if (!i) return void v(t);\n            const n =\n                (t => {\n                    if (!t) return 0;\n                    let { transitionDuration: e, transitionDelay: i } = window.getComputedStyle(t);\n                    const s = Number.parseFloat(e),\n                        n = Number.parseFloat(i);\n                    return s || n\n                        ? ((e = e.split(',')[0]),\n                          (i = i.split(',')[0]),\n                          1e3 * (Number.parseFloat(e) + Number.parseFloat(i)))\n                        : 0;\n                })(e) + 5;\n            let ","contentType":"text/plain; charset=ISO-8859-1","fileSize":104350,"isImage":false,"length":104350,"modDate":1706097323677,"name":"bootstrap.min.5.2.3.js","path":"e/5/e5887d30-ff63-45f2-a428-20370d47ab13/fileAsset/bootstrap.min.5.2.3.js","sha256":"f30b007885e0370e12ec8fef498cea6f7acd776aa7e1d9f5bea44be85e1e3514","title":"bootstrap.min.5.2.3.js","version":20220201}