{"content":"#set($itemId = $item.attrs.data.inode)\n#set($grid = $dotcontent.find($itemId))\n\n#dotParse(\"/application/vtl/grid/dynamic-grid.vtl\")\n\n","contentType":"text/plain; charset=ISO-8859-1","fileSize":132,"isImage":false,"length":132,"modDate":1705395727009,"name":"dotContent-dynamicgrid.vtl","path":"0/5/05921574-9499-4734-a24a-114207733ca9/fileAsset/dotContent-dynamicgrid.vtl","sha256":"841262d80198a6f8c4f720c0183a88e7b008d7032f92fcad29990b4e1661399b","title":"dotContent-dynamicgrid.vtl","version":20220201}