{
    "header": true,
    "footer": true,
    "body": {
        "rows": [
            {
                "styleClass": "first-top-padding yettel-padding-bottom-3",
                "columns": [
                    {
                        "leftOffset": 1,
                        "width": 12,
                        "styleClass": "",
                        "containers": [
                            {
                                "identifier": "//default/application/containers/store-locator/",
                                "uuid": "1"
                            }
                        ]
                    }
                ]
            }
        ]
    },
    "sidebar": null
}
