{"content":"#set($itemId = $item.attrs.data.inode)\n#set($whyBetterBanner = $dotcontent.find($itemId))\n\n#dotParse(\"/application/vtl/banner/why-better/why-better-banner.vtl\")\n\n","contentType":"text/plain; charset=ISO-8859-1","fileSize":161,"isImage":false,"length":161,"modDate":1705395730209,"name":"dotContent-whybetterbanner.vtl","path":"a/c/ac70568e-bae9-42d1-a66b-5082821b1b8e/fileAsset/dotContent-whybetterbanner.vtl","sha256":"eb611a1515785d990d4d3dba893ef78e2cb73399e64a0ceba66ff0e8b0229039","title":"dotContent-whybetterbanner.vtl","version":20220201}