{"content":"$dotJSON.put(\"title\", \"Example Page\")\n$dotJSON.put(\"friendly_name\", \"Example Page\")\n$dotJSON.put(\"theme\", \"38c73ebea654be5f05ea5f14a1263702\")\n\n","contentType":"text/plain; charset=ISO-8859-1","fileSize":142,"isImage":false,"length":142,"modDate":1706185549301,"name":"properties.vtl","path":"a/8/a8ec5ada-deea-4975-b3ff-ddc3858f552b/fileAsset/properties.vtl","sha256":"b9d3600720140b2dc58df7c130622d255fc63cbda2a2c72c8d6eb23e712ba7c9","title":"properties.vtl","version":20220201}