{"content":"#if($UtilMethods.isSet($configuration.googleAnalyticsId))\n<link rel=\"dns-prefetch\" href=\"https://www.googletagmanager.com\"/>\n#end\n\n#if($UtilMethods.isSet($configuration.googleAnalyticsId))\n<script>\n    window.dataLayer = window.dataLayer || [];\n</script>\n<script>\n    (function(w,d,s,l,i){w[l]=w[l]||[];w[l].push({'gtm.start':\n        new Date().getTime(),event:'gtm.js'});var f=d.getElementsByTagName(s)[0],\n        j=d.createElement(s),dl=l!='dataLayer'?'&l='+l:'';j.async=true;j.src=\n        'https://www.googletagmanager.com/gtm.js?id='+i+dl;f.parentNode.insertBefore(j,f);\n    })(window,document,'script','dataLayer','$!{configuration.googleAnalyticsId}');\n</script>\n#end\n\n","contentType":"text/plain; charset=ISO-8859-1","fileSize":677,"isImage":false,"length":677,"modDate":1706087907805,"name":"head_tagmanager.vtl","path":"7/0/7049899f-5ee2-4eec-bc79-cc7b0bb666c2/fileAsset/head_tagmanager.vtl","sha256":"71fb398d27d969ff099cc257bb8f5cf6b2dcfe7204848e61f9f5c06b9eef8d9d","title":"head_tagmanager.vtl","version":20220201}