{"content":"#set($itemId = $item.attrs.data.inode)\n#set($linkItem = $dotcontent.find($itemId))\n\n#dotParse(\"/application/vtl/link-item/link-item.vtl\")\n\n","contentType":"text/plain; charset=ISO-8859-1","fileSize":138,"isImage":false,"length":138,"modDate":1705395727789,"name":"dotContent-linkitem.vtl","path":"e/2/e2da0479-3e3d-40f3-ac82-360776160747/fileAsset/dotContent-linkitem.vtl","sha256":"2877d38ef746df5e817de64d67c827ccd6180189249bd30e3e3863fa69969a53","title":"dotContent-linkitem.vtl","version":20220201}