{"content":"######### Content Output ########\n\n\n#set($robotValue = \"\")\n#if($UtilMethods.isSet($seoContent.robots))\n    #foreach($value in $seoContent.robots.selectedValues)\n        #set($robotValue = \"$value $robotValue\")\n    #end\n#end\n#if($UtilMethods.isSet($seoContent.maxSnippet))\n    #set($robotValue = \"max-snippet:${seoContent.maxSnippet} $robotValue\")\n#end\n#if($UtilMethods.isSet($seoContent.maxVideoPreview))\n    #set($robotValue = \"max-video-preview:${seoContent.maxVideoPreview} $robotValue\")\n#end\n#if($UtilMethods.isSet($seoContent.maxImagePreview.selectValue))\n    #set($robotValue = \"max-image-preview:${seoContent.maxImagePreview.selectValue} $robotValue\")\n#end\n\n#if($UtilMethods.isSet($seoDescription))\n    \n#end\n#if($UtilMethods.isSet($seoContent.seokeywords))\n    \n#end\n","contentType":"text/html; charset=ISO-8859-1","fileSize":1105,"isImage":false,"keywords":"$!{seoContent.seokeywords.replaceAll(","length":1105,"modDate":1706178718112,"name":"head_seo.vtl","path":"c/9/c9510ac6-ad3c-4f88-b28e-4a745b07fdac/fileAsset/head_seo.vtl","sha256":"d3659a2c8bccd81d6b0e8ad31c830f57db2aa89b363a6c3acc18259e0425fd13","title":"$!{UtilMethods.truncatify($pageTitle.trim(), 50)}","version":20220201}