{"content":"<svg width=\"25\" height=\"24\" viewBox=\"0 0 25 24\" fill=\"none\" xmlns=\"http://www.w3.org/2000/svg\">\n    <path d=\"M13.4168 16.7072C13.0263 17.0977 12.3931 17.0977 12.0026 16.7072L5.57434 10.279L6.98855 8.86475L12.7097 14.5859L18.4309 8.86475L19.8451 10.279L13.4168 16.7072Z\" fill=\"#ffffff\"/>\n</svg>\n\n","contentType":"text/plain; charset=ISO-8859-1","fileSize":294,"height":24,"isImage":true,"length":294,"modDate":1706178712959,"name":"chevron-down.svg","path":"b/4/b41ae6f6-6de4-4bba-8b8e-3df5728a65a9/fileAsset/chevron-down.svg","sha256":"00df472d20b2d4f9801a08d8615365d7a1ac0929b37656c31987229f173101d2","title":"chevron-down.svg","version":20220201,"width":25}