{"content":"<svg width=\"28\" height=\"28\" viewBox=\"0 0 28 28\" fill=\"none\" xmlns=\"http://www.w3.org/2000/svg\">\n    <path d=\"M8.68644 14.9826C8.23082 14.527 8.23082 13.7883 8.68644 13.3326L16.1861 5.83301L17.836 7.48292L11.1613 14.1576L17.836 20.8323L16.1861 22.4822L8.68644 14.9826Z\" fill=\"#26445D\"/>\n</svg>\n\n","contentType":"text/plain; charset=ISO-8859-1","fileSize":293,"height":28,"isImage":true,"length":293,"modDate":1706087902545,"name":"chevron-left-light.svg","path":"b/9/b99ba937-c8ef-4ed7-827f-9e53aac106e1/fileAsset/chevron-left-light.svg","sha256":"1a6e754f262f98b34d57890210cd234b405dd5d5df9cf8b2e7944aeb50aa324c","title":"chevron-left-light.svg","version":20220201,"width":28}