{"content":"#set($itemId = $item.attrs.data.inode)\n#set($offerCard = $dotcontent.find($itemId))\n\n#dotParse(\"/application/vtl/card/offer/offer-card.vtl\")\n\n","contentType":"text/plain; charset=ISO-8859-1","fileSize":141,"isImage":false,"length":141,"modDate":1705395728249,"name":"dotContent-offercard.vtl","path":"6/b/6bee75ce-1739-4e14-9743-1028be1a9d10/fileAsset/dotContent-offercard.vtl","sha256":"464f72344613a4cec99c7a6184e8dc031df4f08aca0e150400a1f4b96da4fa95","title":"dotContent-offercard.vtl","version":20220201}