{"content":"$dotJSON.put(\"title\", \"Store Locator\")\n$dotJSON.put(\"friendly_name\", \"Store Locator\")\n$dotJSON.put(\"theme\", \"38c73ebea654be5f05ea5f14a1263702\")\n\n","contentType":"text/plain; charset=ISO-8859-1","fileSize":144,"isImage":false,"length":144,"modDate":1706185550751,"name":"properties.vtl","path":"1/8/18cacbde-2198-4b08-8e02-4d694ff61c60/fileAsset/properties.vtl","sha256":"3a85903794f23b1211094b6ee451b7d78726f8fe7e2cce3fe9804958862a15b9","title":"properties.vtl","version":20220201}