{"content":"\n    \n        This page contains \n        0 \n        custom code elements. \n        The page was last modified on $date.format('medium',$dotPageContent.modDate)\n    \n\n\n\n","contentType":"text/html; charset=ISO-8859-1","fileSize":396,"isImage":false,"length":396,"modDate":1706087907265,"name":"debug.vtl","path":"9/0/90c9f8c3-4324-44af-8942-7919319893b0/fileAsset/debug.vtl","sha256":"818667c4e83e70b0abf1a21b7663461856d7f21bd105ac5eb7f6db1db2b598f0","title":"debug.vtl","version":20220201}