{"content":".iti {\n  position: relative;\n  display: inline-block; }\n  .iti * {\n    box-sizing: border-box; }\n  .iti__hide {\n    display: none; }\n  .iti__v-hide {\n    visibility: hidden; }\n  .iti input, .iti input[type=text], .iti input[type=tel] {\n    position: relative;\n    z-index: 0;\n    margin-top: 0 !important;\n    margin-bottom: 0 !important;\n    padding-right: 36px;\n    margin-right: 0; }\n  .iti__flag-container {\n    position: absolute;\n    top: 0;\n    bottom: 0;\n    right: 0;\n    padding: 1px; }\n  .iti__selected-flag {\n    z-index: 1;\n    position: relative;\n    display: flex;\n    align-items: center;\n    height: 100%;\n    padding: 0 6px 0 8px; }\n  .iti__arrow {\n    margin-left: 6px;\n    width: 0;\n    height: 0;\n    border-left: 3px solid transparent;\n    border-right: 3px solid transparent;\n    border-top: 4px solid #555; }\n    [dir=rtl] .iti__arrow {\n      margin-right: 6px;\n      margin-left: 0; }\n    .iti__arrow--up {\n      border-top: none;\n      border-bottom: 4px solid #555; }\n  .iti__country-list {\n    position: absolute;\n    z-index: 2;\n    list-style: none;\n    padding: 0;\n    margin: 0 0 0 -1px;\n    box-shadow: 1px 1px 4px rgba(0, 0, 0, 0.2);\n    background-color: white;\n    border: 1px solid #CCC;\n    white-space: nowrap;\n    max-height: 200px;\n    overflow-y: scroll;\n    -webkit-overflow-scrolling: touch; }\n    .iti__country-list--dropup {\n      bottom: 100%;\n      margin-bottom: -1px; }\n    @media (max-width: 500px) {\n      .iti__country-list {\n        white-space: normal; } }\n  .iti__flag-box {\n    display: inline-block;\n    width: 20px; }\n  .iti__divider {\n    padding-bottom: 5px;\n    margin-bottom: 5px;\n    border-bottom: 1px solid #CCC; }\n  .iti__country {\n    display: flex;\n    align-items: center;\n    padding: 5px 10px;\n    outline: none; }\n  .iti__dial-code {\n    color: #999; }\n  .iti__country.iti__highlight {\n    background-color: rgba(0, 0, 0, 0.05); }\n  .iti__flag-box, .iti__country-name {\n    margin-right: 6px; }\n    [dir=rtl] .iti__flag-box, [dir=rtl] .iti__country-name {\n      margin-right: 0;\n      margin-left: 6px; }\n  .iti--allow-dropdown input, .iti--allow-dropdown input[type=text], .iti--allow-dropdown input[type=tel], .iti--separate-dial-code input, .iti--separate-dial-code input[type=text], .iti--separate-dial-code input[type=tel] {\n    padding-right: 6px;\n    padding-left: 52px;\n    margin-left: 0; }\n    [dir=rtl] .iti--allow-dropdown input, [dir=rtl] .iti--allow-dropdown input[type=text], [dir=rtl] .iti--allow-dropdown input[type=tel], [dir=rtl] .iti--separate-dial-code input, [dir=rtl] .iti--separate-dial-code input[type=text], [dir=rtl] .iti--separate-dial-code input[type=tel] {\n      padding-right: 52px;\n      padding-left: 6px;\n      margin-right: 0; }\n  .iti--allow-dropdown .iti__flag-container, .iti--separate-dial-code .iti__flag-container {\n    right: auto;\n    left: 0; }\n    [dir=rtl] .iti--allow-dropdown .iti__flag-container, [dir=rtl] .iti--separate-dial-code .iti__flag-container {\n      right: 0;\n      left: auto; }\n  .iti--allow-dropdown .iti__flag-container:hover {\n    cursor: pointer; }\n    .iti--allow-dropdown .iti__flag-container:hover .iti__selected-flag {\n      background-color: rgba(0, 0, 0, 0.05); }\n  .iti--allow-dropdown input[disabled] + .iti__flag-container:hover,\n  .iti--allow-dropdown input[readonly] + .iti__flag-container:hover {\n    cursor: default; }\n    .iti--allow-dropdown input[disabled] + .iti__flag-container:hover .iti__selected-flag,\n    .iti--allow-dropdown input[readonly] + .iti__flag-container:hover .iti__selected-flag {\n      background-color: transparent; }\n  .iti--separate-dial-code .iti__selected-flag {\n    background-color: rgba(0, 0, 0, 0.05); }\n  .iti--separate-dial-code.iti--show-flags .iti__selected-dial-code {\n    margin-left: 6px; }\n  .iti--container {\n    position: absolute;\n    top: -1000px;\n    left: -1000px;\n    z-index: 1060;\n    padding: 1px; }\n    .iti--container:hover {\n      cursor: pointer; }\n\n.iti-mobile .iti--container {\n  top: 30px;\n  bottom: 30px;\n  left: 30px;\n  right: 30px;\n  position: fixed; }\n\n.iti-mobile .iti__country-list {\n  max-height: 100%;\n  width: 100%; }\n\n.iti-mobile .iti__country {\n  padding: 10px 10px;\n  line-height: 1.5em; }\n\n.iti__flag {\n  width: 20px; }\n  .iti__flag.iti__be {\n    width: 18px; }\n  .iti__flag.iti__ch {\n    width: 15px; }\n  .iti__flag.iti__mc {\n    width: 19px; }\n  .iti__flag.iti__ne {\n    width: 18px; }\n  .iti__flag.iti__np {\n    width: 13px; }\n  .iti__flag.iti__va {\n    width: 15px; }\n  @media (-webkit-min-device-pixel-ratio: 2), (min-resolution: 192dpi) {\n    .iti__flag {\n      background-size: 5652px 15px; } }\n  .iti__flag.iti__ac {\n    height: 10px;\n    background-position: 0px 0px; }\n  .iti__flag.iti__ad {\n    height: 14px;\n    background-position: -22px 0px; }\n  .iti__flag.iti__ae {\n    height: 10px;\n    background-position: -44px 0px; }\n  .iti__flag.iti__af {\n    height: 14px;\n    background-position: -66px 0px; }\n  .iti__flag.iti__ag {\n    height: 14px;\n    background-position: -88px 0px; }\n  .iti__flag.iti__ai {\n    height: 10px;\n    background-position: -110px 0px; }\n  .iti__flag.iti__al {\n ","contentType":"text/plain; charset=ISO-8859-1","fileSize":25875,"isImage":false,"length":25875,"modDate":1706097324087,"name":"intl-tel-input_18.1.1_build_css_intlTelInput.css","path":"4/2/42ec02d7-7ce5-4d3e-b063-09e738f9da31/fileAsset/intl-tel-input_18.1.1_build_css_intlTelInput.css","sha256":"775f58acd9da697eb8c6b49a41d3191f7061d68f7a034dfcd821f154b813f76f","title":"intl-tel-input_18.1.1_build_css_intlTelInput.css","version":20220201}