{"content":"#if($dotThemeLayout.body.rows)\n    <main data-layout=\"$!{dotThemeLayout.title}\" class=\"#if ($EDIT_MODE) edit-mode #end\">\n        #dotParse(\"${dotTheme.path}partial/content/content-inner.vtl\")\n        #if ($UtilMethods.isSet($modalsToShow) && $request.getAttribute(\"User-Agent\") != \"DOTCMS-SITESEARCH\")\n            $!modalsToShow\n        #end\n    </main>\n#end\n\n","contentType":"text/plain; charset=ISO-8859-1","fileSize":359,"isImage":false,"length":359,"modDate":1706087907035,"name":"content.vtl","path":"0/9/0969bfd1-7847-4dd5-ad78-5f9300241517/fileAsset/content.vtl","sha256":"5f10050bb80ffaed466aff990563df5c66e49e30eb81c1c48d4e4879ccb25fee","title":"content.vtl","version":20220201}