{"content":"<script>\n    dojo.require(\"dojox.widget.ColorPicker\");\n\n    dojo.addOnLoad( function(){\n        var x = dojo.byId(\"$fieldName\").value;\n\n        if(x != \"\"){\n            dijit.byId(\"bgColor_$fieldName\").setValue(x);\n            dojo.byId(\"colorBlock_$fieldName\").style.background = x;\n            dijit.byId(\"picker_$fieldName\").setValue(x);\n        }\n    });\n\n    // UPDATES VALUES From Text Field\n    function setColor_$fieldName(){\n        var x = dojo.byId(\"bgColor_$fieldName\").value;\n        dojo.byId(\"colorBlock_$fieldName\").style.background = x;\n        dojo.byId(\"$fieldName\").value = x;\n        if(dijit.byId(\"picker_$fieldName\")){\n            dijit.byId(\"picker_$fieldName\").setValue(x);\n        }\n    }\n\n    // UPDATES VALUES From Picker\n    function pickerColor_$fieldName(){\n        var x = dijit.byId(\"picker_$fieldName\").value;\n        dojo.byId(\"colorBlock_$fieldName\").style.background = x;\n        dojo.byId(\"$fieldName\").value = x;\n        dojo.byId(\"bgColor_$fieldName\").value = x;\n    }\n\n    // OPEN COLRO PICKER\n    function openPicker_$fieldName() {\n        dijit.byId(\"colorPickerDialog_$fieldName\").show();\n        dojo.connect(dijit.byId(\"picker_$fieldName\"), \"onChange\", pickerColor_$fieldName);\n    }\n</script>\n\n<div style=\"position:relative;\">\n    <input id=\"bgColor_$fieldName\" dojoType=\"dijit.form.TextBox\" name=\"bgColor_$fieldName\" size=\"5\" type=\"text\" value=\"\" style=\"width:170px;padding-left: 55px;\" onchange=\"setColor_$fieldName();\">\n    <button id=\"pickerColorBtn_$fieldName\" dojoType=\"dijit.form.Button\" type=\"button\" iconClass=\"colorIcon\" onclick=\"openPicker_$fieldName();\">\n        Color Picker\n    </button>\n    <div id=\"colorBlock_$fieldName\" style=\"position:absolute;left:5px;border:1px solid #b3b3b3;top:4px;width:40px;height:28px;display:block;\" onclick=\"openPicker_$fieldName();\"></div>\n</div>\n\n<div id=\"colorPickerDialog_$fieldName\" data-dojo-type=\"dijit.Dialog\" title=\"Color Picker\">\n    <div dojoType=\"dojox.widget.ColorPicker\" id=\"picker_$fieldName\" webSafe=\"false\" liveUpdate=\"true\" ></div>\n</div>\n\n","contentType":"text/plain; charset=ISO-8859-1","fileSize":2049,"isImage":false,"length":2049,"modDate":1705395685908,"name":"color-picker.vtl","path":"8/b/8ba73fb3-e67a-4444-87b0-c43c286cdcaa/fileAsset/color-picker.vtl","sha256":"df7f6fd90bbfe2fed29e8c14d4265e918718f4b8a38c7cb304013e74e65a62b9","title":"color-picker.vtl","version":20220201}