{"content":"#set($itemId = $item.attrs.data.inode)\n#set($form = $dotcontent.find($itemId))\n\n#dotParse(\"/application/vtl/form.io/form.io.vtl\")\n\n","contentType":"text/plain; charset=ISO-8859-1","fileSize":130,"isImage":false,"length":130,"modDate":1705395727639,"name":"dotContent-formioconfiguration.vtl","path":"c/6/c6ea21ac-1d8f-4c13-92c4-51dbac194033/fileAsset/dotContent-formioconfiguration.vtl","sha256":"5268ffc506d84284a9cba4d8090e5ccb52dbafe4286679c724001958a0a8dfca","title":"dotContent-formioconfiguration.vtl","version":20220201}