{"content":"{\n    \"header\": true,\n    \"footer\": true,\n    \"body\": {\n        \"rows\": [\n            {\n                \"styleClass\": \"first-top-padding yettel-padding-bottom-3\",\n                \"columns\": [\n                    {\n                        \"leftOffset\": 1,\n                        \"width\": 12,\n                        \"styleClass\": \"\",\n                        \"containers\": [\n                            {\n                                \"identifier\": \"//default/application/containers/store-locator/\",\n                                \"uuid\": \"1\"\n                            }\n                        ]\n                    }\n                ]\n            }\n        ]\n    },\n    \"sidebar\": null\n}\n\n","contentType":"text/plain; charset=ISO-8859-1","fileSize":694,"isImage":false,"length":694,"modDate":1705395739413,"name":"layout.json","path":"9/d/9d34fe73-e331-47e8-b10f-a9943ec5761e/fileAsset/layout.json","sha256":"1974394d9ff7a18d82cc594313022f6be370a401df3ff8030094d970bdeeb1db","title":"layout.json","version":20220201}