{"content":"#set($cssFileInode = $webapi.getAssetInode(\"${dotTheme.path}static/bundle.css\"))\n<!-- ${dotTheme.path} -->\n<link rel=\"stylesheet\" href=\"/dA/$!{cssFileInode}/bundle.css\"/>\n\n","contentType":"text/plain; charset=ISO-8859-1","fileSize":171,"isImage":false,"length":171,"modDate":1706181319071,"name":"head_stylesheet.vtl","path":"1/4/148809ff-9d5a-4b86-be96-f40001796ef8/fileAsset/head_stylesheet.vtl","sha256":"5b1e6f41e1e5471c5e0dec89fef376996fe26b362421b017ea18cab6c9f9520c","title":"head_stylesheet.vtl","version":20220201}