{"content":"{\n    \"name\": \"Yettel\",\n    \"short_name\": \"Yettel\",\n    \"icons\": [\n        {\n            \"src\": \"/application/themes/contentbloom/assets/android-chrome-192x192.png\",\n            \"sizes\": \"192x192\",\n            \"type\": \"image/png\"\n        },\n        {\n            \"src\": \"/application/themes/contentbloom/assets/android-chrome-384x384.png\",\n            \"sizes\": \"384x384\",\n            \"type\": \"image/png\"\n        }\n    ],\n    \"theme_color\": \"#ffffff\",\n    \"background_color\": \"#ffffff\",\n    \"display\": \"standalone\"\n}\n\n","contentType":"text/plain; charset=ISO-8859-1","fileSize":516,"isImage":false,"length":516,"modDate":1706095024320,"name":"site.webmanifest","path":"3/5/351173c8-fb51-4665-9b80-572be6ab1eb4/fileAsset/site.webmanifest","sha256":"6840b61243499c78ea06bf6a18a38d15696715fa94e50235067be4c6bfe08c3f","title":"site.webmanifest","version":20220201}