{"content":"<svg xmlns=\"http://www.w3.org/2000/svg\" width=\"24\" height=\"24\" viewBox=\"0 0 24 24\" fill=\"none\">\n    <path d=\"M11.5806 8.36058C11.9711 7.97006 12.6043 7.97006 12.9948 8.36058L19.4231 14.7888L18.0089 16.2031L12.2877 10.4819L6.56656 16.2031L5.15234 14.7888L11.5806 8.36058Z\" fill=\"currentColor\"/>\n</svg>\n\n","contentType":"text/plain; charset=ISO-8859-1","fileSize":301,"isImage":false,"length":301,"modDate":1706178706889,"name":"chevron-up.vtl","path":"4/2/4221054a-6bda-4a1b-9d05-233da5b3449e/fileAsset/chevron-up.vtl","sha256":"99b03cffb08b4ee13f2205312c16b459092ad10daa9623ac5f2ae739c4570b1a","title":"chevron-up.vtl","version":20220201}