{"content":"/*\n * International Telephone Input v18.1.1\n * https://github.com/jackocnr/intl-tel-input.git\n * Licensed under the MIT license\n */\n\n!function(a){\"object\"==typeof module&&module.exports?module.exports=a():window.intlTelInput=a()}(function(a){\"use strict\";return function(){function b(a){for(var b=1;b<arguments.length;b++){var d=null!=arguments[b]?Object(arguments[b]):{},e=Object.keys(d);\"function\"==typeof Object.getOwnPropertySymbols&&e.push.apply(e,Object.getOwnPropertySymbols(d).filter(function(a){return Object.getOwnPropertyDescriptor(d,a).enumerable})),e.forEach(function(b){c(a,b,d[b])})}return a}function c(a,b,c){return b=g(b),b in a?Object.defineProperty(a,b,{value:c,enumerable:!0,configurable:!0,writable:!0}):a[b]=c,a}function d(a,b){if(!(a instanceof b))throw new TypeError(\"Cannot call a class as a function\")}function e(a,b){for(var c=0;c<b.length;c++){var d=b[c];d.enumerable=d.enumerable||!1,d.configurable=!0,\"value\"in d&&(d.writable=!0),Object.defineProperty(a,g(d.key),d)}}function f(a,b,c){return b&&e(a.prototype,b),c&&e(a,c),Object.defineProperty(a,\"prototype\",{writable:!1}),a}function g(a){var b=h(a,\"string\");return\"symbol\"==typeof b?b:String(b)}function h(b,c){if(\"object\"!=typeof b||null===b)return b;var d=b[Symbol.toPrimitive];if(d!==a){var e=d.call(b,c||\"default\");if(\"object\"!=typeof e)return e;throw new TypeError(\"@@toPrimitive must return a primitive value.\")}return(\"string\"===c?String:Number)(b)}for(var i=[[\"Afghanistan (‫افغانستان‬‎)\",\"af\",\"93\"],[\"Albania (Shqipëri)\",\"al\",\"355\"],[\"Algeria (‫الجزائر‬‎)\",\"dz\",\"213\"],[\"American Samoa\",\"as\",\"1\",5,[\"684\"]],[\"Andorra\",\"ad\",\"376\"],[\"Angola\",\"ao\",\"244\"],[\"Anguilla\",\"ai\",\"1\",6,[\"264\"]],[\"Antigua and Barbuda\",\"ag\",\"1\",7,[\"268\"]],[\"Argentina\",\"ar\",\"54\"],[\"Armenia (Հայաստան)\",\"am\",\"374\"],[\"Aruba\",\"aw\",\"297\"],[\"Ascension Island\",\"ac\",\"247\"],[\"Australia\",\"au\",\"61\",0],[\"Austria (Österreich)\",\"at\",\"43\"],[\"Azerbaijan (Azərbaycan)\",\"az\",\"994\"],[\"Bahamas\",\"bs\",\"1\",8,[\"242\"]],[\"Bahrain (‫البحرين‬‎)\",\"bh\",\"973\"],[\"Bangladesh (বাংলাদেশ)\",\"bd\",\"880\"],[\"Barbados\",\"bb\",\"1\",9,[\"246\"]],[\"Belarus (Беларусь)\",\"by\",\"375\"],[\"Belgium (België)\",\"be\",\"32\"],[\"Belize\",\"bz\",\"501\"],[\"Benin (Bénin)\",\"bj\",\"229\"],[\"Bermuda\",\"bm\",\"1\",10,[\"441\"]],[\"Bhutan (འབྲུག)\",\"bt\",\"975\"],[\"Bolivia\",\"bo\",\"591\"],[\"Bosnia and Herzegovina (Босна и Херцеговина)\",\"ba\",\"387\"],[\"Botswana\",\"bw\",\"267\"],[\"Brazil (Brasil)\",\"br\",\"55\"],[\"British Indian Ocean Territory\",\"io\",\"246\"],[\"British Virgin Islands\",\"vg\",\"1\",11,[\"284\"]],[\"Brunei\",\"bn\",\"673\"],[\"Bulgaria (България)\",\"bg\",\"359\"],[\"Burkina Faso\",\"bf\",\"226\"],[\"Burundi (Uburundi)\",\"bi\",\"257\"],[\"Cambodia (កម្ពុជា)\",\"kh\",\"855\"],[\"Cameroon (Cameroun)\",\"cm\",\"237\"],[\"Canada\",\"ca\",\"1\",1,[\"204\",\"226\",\"236\",\"249\",\"250\",\"289\",\"306\",\"343\",\"365\",\"367\",\"368\",\"387\",\"403\",\"416\",\"418\",\"431\",\"437\",\"438\",\"450\",\"474\",\"506\",\"514\",\"519\",\"548\",\"579\",\"581\",\"584\",\"587\",\"604\",\"613\",\"639\",\"647\",\"672\",\"705\",\"709\",\"742\",\"778\",\"780\",\"782\",\"807\",\"819\",\"825\",\"867\",\"873\",\"902\",\"905\"]],[\"Cape Verde (Kabu Verdi)\",\"cv\",\"238\"],[\"Caribbean Netherlands\",\"bq\",\"599\",1,[\"3\",\"4\",\"7\"]],[\"Cayman Islands\",\"ky\",\"1\",12,[\"345\"]],[\"Central African Republic (République centrafricaine)\",\"cf\",\"236\"],[\"Chad (Tchad)\",\"td\",\"235\"],[\"Chile\",\"cl\",\"56\"],[\"China (中国)\",\"cn\",\"86\"],[\"Christmas Island\",\"cx\",\"61\",2,[\"89164\"]],[\"Cocos (Keeling) Islands\",\"cc\",\"61\",1,[\"89162\"]],[\"Colombia\",\"co\",\"57\"],[\"Comoros (‫جزر القمر‬‎)\",\"km\",\"269\"],[\"Congo (DRC) (Jamhuri ya Kidemokrasia ya Kongo)\",\"cd\",\"243\"],[\"Congo (Republic) (Congo-Brazzaville)\",\"cg\",\"242\"],[\"Cook Islands\",\"ck\",\"682\"],[\"Costa Rica\",\"cr\",\"506\"],[\"Côte d’Ivoire\",\"ci\",\"225\"],[\"Croatia (Hrvatska)\",\"hr\",\"385\"],[\"Cuba\",\"cu\",\"53\"],[\"Curaçao\",\"cw\",\"599\",0],[\"Cyprus (Κύπρος)\",\"cy\",\"357\"],[\"Czech Republic (Česká republika)\",\"cz\",\"420\"],[\"Denmark (Danmark)\",\"dk\",\"45\"],[\"Djibouti\",\"dj\",\"253\"],[\"Dominica\",\"dm\",\"1\",13,[\"767\"]],[\"Dominican Republic (República Dominicana)\",\"do\",\"1\",2,[\"809\",\"829\",\"849\"]],[\"Ecuador\",\"ec\",\"593\"],[\"Egypt (‫مصر‬‎)\",\"eg\",\"20\"],[\"El Salvador\",\"sv\",\"503\"],[\"Equatorial Guinea (Guinea Ecuatorial)\",\"gq\",\"240\"],[\"Eritrea\",\"er\",\"291\"],[\"Estonia (Eesti)\",\"ee\",\"372\"],[\"Eswatini\",\"sz\",\"268\"],[\"Ethiopia\",\"et\",\"251\"],[\"Falkland Islands (Islas Malvinas)\",\"fk\",\"500\"],[\"Faroe Islands (Føroyar)\",\"fo\",\"298\"],[\"Fiji\",\"fj\",\"679\"],[\"Finland (Suomi)\",\"fi\",\"358\",0],[\"France\",\"fr\",\"33\"],[\"French Guiana (Guyane française)\",\"gf\",\"594\"],[\"French Polynesia (Polynésie française)\",\"pf\",\"689\"],[\"Gabon\",\"ga\",\"241\"],[\"Gambia\",\"gm\",\"220\"],[\"Georgia (საქართველო)\",\"ge\",\"995\"],[\"Germany (Deutschland)\",\"de\",\"49\"],[\"Ghana (Gaana)\",\"gh\",\"233\"],[\"Gibraltar\",\"gi\",\"350\"],[\"Greece (Ελλάδα)\",\"gr\",\"30\"],[\"Greenland (Kalaallit Nunaat)\",\"gl\",\"299\"],[\"Grenada\",\"gd\",\"1\",14,[\"473\"]],[\"Guadeloupe\",\"gp\",\"590\",0],[\"Guam\",\"gu\",\"1\",15,[\"671\"]],[\"Guatemala\",\"gt\",\"502\"],[\"Guernsey\",\"gg\",\"44\",1,[\"1481\",\"7781\",\"7839\",\"7911\"]],[\"Guinea (Guinée)\",\"gn\",\"224\"],[\"Guinea-Bissau (Guiné Bissau)\",\"gw\",\"245\"],[\"Guyana\",\"gy\",\"592\"],[\"Haiti\",\"ht\",\"509\"],[\"Honduras\",\"hn\",\"504\"],[\"Hong Kong (香港)\",\"hk\",\"852\"],[\"Hungary (Magyarország)\",\"hu\",\"36\"],[\"Iceland (Ísland)\",\"is\",\"354\"],[\"India (भारत)\",\"in\",\"91\"],[\"Indonesia\",\"id\",\"62\"],[\"Iran (‫ایر","contentType":"text/plain; charset=UTF-8","fileSize":30620,"isImage":false,"length":30620,"modDate":1706185063419,"name":"intl-tel-input_18.1.1_build_js_intlTelInput.min.js","path":"4/0/40edd2d5-da95-43db-a179-1991c370cffd/fileAsset/intl-tel-input_18.1.1_build_js_intlTelInput.min.js","sha256":"116f7fd41bf96c3881805a25dc8bf19d731807de97a90316544fcf311ba5123b","title":"intl-tel-input_18.1.1_build_js_intlTelInput.min.js","version":20220201}