{"content":"{ \n\n   \"method\":{\n      \"version\":\"v1\",      \"name\":\"elasticSearch\"\n },\n   \"httpResponse\": {\n   \"statusCode\":200,\n   \"statusDesc\":\"OK\"\n }, \n   \"result\": {\"took\":22,\"timed_out\":false,\"_shards\":{\"total\":10,\"successful\":10,\"skipped\":0,\"failed\":0},\"hits\":{\"total\":353,\"max_score\":5.5018005,\"hits\":[{\"_index\":\"eidx\",\"_type\":\"idx\",\"_id\":\"43596\",\"_score\":5.5018005,\"_source\":{\"id\":43596,\"body:value\":null,\"cognity_compare_final_price\":1709.99,\"cognity_elastic_data_feed_xml\":\"\\\"50996552-total-1999-0223\\\",\\\"iPhone 14 5G 256GB - Total 19.99\\\",\\\"https:\\/\\/test.yettel.bg\\/private\\/device\\/view\\/iphone-14-5g-256gb?plan=22529\\\",\\\"https:\\/\\/test.yettel.bg\\/sites\\/default\\/files\\/50996552_iphone_14_256gb_5.png\\\",\\\"1939.99 BGN\\\",,\\\"101.59 \\u043b\\u0432.\\/\\u043c\\u0435\\u0441\\u0435\\u0446\\\",,\\\"Private\\/Devices\\/Smartphones\\\",\\n\\\"50996552-total-2499-0223\\\",\\\"iPhone 14 5G 256GB - Total 24.99\\\",\\\"https:\\/\\/test.yettel.bg\\/private\\/device\\/view\\/iphone-14-5g-256gb?plan=22531\\\",\\\"https:\\/\\/test.yettel.bg\\/sites\\/default\\/files\\/50996552_iphone_14_256gb_5.png\\\",\\\"1909.99 BGN\\\",,\\\"99.99 \\u043b\\u0432.\\/\\u043c\\u0435\\u0441\\u0435\\u0446\\\",,\\\"Private\\/Devices\\/Smartphones\\\",\\n\\\"50996552-total-2899-0223\\\",\\\"iPhone 14 5G 256GB - Total 28.99\\\",\\\"https:\\/\\/test.yettel.bg\\/private\\/device\\/view\\/iphone-14-5g-256gb?plan=22532\\\",\\\"https:\\/\\/test.yettel.bg\\/sites\\/default\\/files\\/50996552_iphone_14_256gb_5.png\\\",\\\"1869.99 BGN\\\",,\\\"97.99 \\u043b\\u0432.\\/\\u043c\\u0435\\u0441\\u0435\\u0446\\\",,\\\"Private\\/Devices\\/Smartphones\\\",\\n\\\"50996552-total-3199-0223\\\",\\\"iPhone 14 5G 256GB - Total 31.99\\\",\\\"https:\\/\\/test.yettel.bg\\/private\\/device\\/view\\/iphone-14-5g-256gb?plan=22533\\\",\\\"https:\\/\\/test.yettel.bg\\/sites\\/default\\/files\\/50996552_iphone_14_256gb_5.png\\\",\\\"1819.99 BGN\\\",,\\\"95.59 \\u043b\\u0432.\\/\\u043c\\u0435\\u0441\\u0435\\u0446\\\",,\\\"Private\\/Devices\\/Smartphones\\\",\\n\\\"50996552-total-unlimited-3599-0323\\\",\\\"iPhone 14 5G 256GB - Total Unlimited 35.99\\\",\\\"https:\\/\\/test.yettel.bg\\/private\\/device\\/view\\/iphone-14-5g-256gb?plan=22677\\\",\\\"https:\\/\\/test.yettel.bg\\/sites\\/default\\/files\\/50996552_iphone_14_256gb_5.png\\\",\\\"1709.99 BGN\\\",,\\\"93.99 \\u043b\\u0432.\\/\\u043c\\u0435\\u0441\\u0435\\u0446\\\",,\\\"Private\\/Devices\\/Smartphones\\\",\\n\\\"50996552-total-unlimited-3999-0523-eshop\\\",\\\"iPhone 14 5G 256GB - Total Unlimited 39.99\\\",\\\"https:\\/\\/test.yettel.bg\\/private\\/device\\/view\\/iphone-14-5g-256gb?plan=23008\\\",\\\"https:\\/\\/test.yettel.bg\\/sites\\/default\\/files\\/50996552_iphone_14_256gb_5.png\\\",\\\"1639.99 BGN\\\",,\\\"89.99 \\u043b\\u0432.\\/\\u043c\\u0435\\u0441\\u0435\\u0446\\\",,\\\"Private\\/Devices\\/Smartphones\\\",\\n\\\"50996552-total-unlimited-4999-0323\\\",\\\"iPhone 14 5G 256GB - Total Unlimited 49.99\\\",\\\"https:\\/\\/test.yettel.bg\\/private\\/device\\/view\\/iphone-14-5g-256gb?plan=22678\\\",\\\"https:\\/\\/test.yettel.bg\\/sites\\/default\\/files\\/50996552_iphone_14_256gb_5.png\\\",\\\"1639.99 BGN\\\",,\\\"89.99 \\u043b\\u0432.\\/\\u043c\\u0435\\u0441\\u0435\\u0446\\\",,\\\"Private\\/Devices\\/Smartphones\\\",\\n\\\"50996552-total-unlimited-5999-0223\\\",\\\"iPhone 14 5G 256GB - Total Unlimited 59.99\\\",\\\"https:\\/\\/test.yettel.bg\\/private\\/device\\/view\\/iphone-14-5g-256gb?plan=22546\\\",\\\"https:\\/\\/test.yettel.bg\\/sites\\/default\\/files\\/50996552_iphone_14_256gb_5.png\\\",\\\"1389.99 BGN\\\",,\\\"75.99 \\u043b\\u0432.\\/\\u043c\\u0435\\u0441\\u0435\\u0446\\\",,\\\"Private\\/Devices\\/Smartphones\\\",\\n\\\"50996552\\\",\\\"iPhone 14 256GB Yellow MR3Y3RX\\/A\\\",\\\"https:\\/\\/test.yettel.bg\\/private\\/device\\/view\\/iphone-14-5g-256gb\\\",\\\"https:\\/\\/test.yettel.bg\\/sites\\/default\\/files\\/50996552_iphone_14_256gb_5.png\\\",\\\"2209.9 BGN\\\",,,,\\\"Private\\/Devices\\/Smartphones\\\",\\n\\\"50995850-total-1999-0223\\\",\\\"iPhone 14 5G 256GB - Total 19.99\\\",\\\"https:\\/\\/test.yettel.bg\\/private\\/device\\/view\\/iphone-14-5g-256gb?plan=22529\\\",\\\"https:\\/\\/test.yettel.bg\\/sites\\/default\\/files\\/50995850_iphone_14_midnight_1.png\\\",\\\"1939.99 BGN\\\",,\\\"101.59 \\u043b\\u0432.\\/\\u043c\\u0435\\u0441\\u0435\\u0446\\\",,\\\"Private\\/Devices\\/Smartphones\\\",\\n\\\"50995850-total-2499-0223\\\",\\\"iPhone 14 5G 256GB - Total 24.99\\\",\\\"https:\\/\\/test.yettel.bg\\/private\\/device\\/view\\/iphone-14-5g-256gb?plan=22531\\\",\\\"https:\\/\\/test.yettel.bg\\/sites\\/default\\/files\\/50995850_iphone_14_midnight_1.png\\\",\\\"1909.99 BGN\\\",,\\\"99.99 \\u043b\\u0432.\\/\\u043c\\u0435\\u0441\\u0435\\u0446\\\",,\\\"Private\\/Devices\\/Smartphones\\\",\\n\\\"50995850-total-2899-0223\\\",\\\"iPhone 14 5G 256GB - Total 28.99\\\",\\\"https:\\/\\/test.yettel.bg\\/private\\/device\\/view\\/iphone-14-5g-256gb?plan=22532\\\",\\\"https:\\/\\/test.yettel.bg\\/sites\\/default\\/files\\/50995850_iphone_14_midnight_1.png\\\",\\\"1869.99 BGN\\\",,\\\"97.99 \\u043b\\u0432.\\/\\u043c\\u0435\\u0441\\u0435\\u0446\\\",,\\\"Private\\/Devices\\/Smartphones\\\",\\n\\\"50995850-total-3199-0223\\\",\\\"iPhone 14 5G 256GB - Total 31.99\\\",\\\"https:\\/\\/test.yettel.bg\\/private\\/device\\/view\\/iphone-14-5g-256gb?plan=22533\\\",\\\"https:\\/\\/test.yettel.bg\\/sites\\/default\\/files\\/50995850_iphone_14_midnight_1.png\\\",\\\"1819.99 BGN\\\",,\\\"95.59 \\u043b\\u0432.\\/\\u043c\\u0435\\u0441\\u0435\\u0446\\\",,\\\"Private\\/Devices\\/Smartphones\\\",\\n\\\"50995850-total-unlimited-3599-0323\\\",\\\"iPhone 14 5G 256GB - Total Unlimited 35.99\\\",\\\"https:\\/\\/test.yettel.bg\\/private\\/device\\/view\\/iphone-14-5g-256gb?plan=22677\\\",\\\"htt","contentType":"text/plain; charset=ISO-8859-1","fileSize":1139677,"isImage":false,"length":1139677,"modDate":1705395708099,"name":"yettel-search-legacy-result.json","path":"0/8/083ecaed-d4f5-4824-a5a0-80b30350beca/fileAsset/yettel-search-legacy-result.json","sha256":"5a6849bee65d7a84528cf37b3594c6fe80e7674b74c587e686d33403c527c495","title":"yettel-search-legacy-result.json","version":20220201}