{"content":"#if($UtilMethods.isSet($descriptionTag) && $UtilMethods.isSet($descriptionTag.description))\n    <div class=\"$!{descriptionTag.textAlignment.selectValue} $!{descriptionClass}\">\n        $!{descriptionTag.description}\n    </div>\n#end\n\n","contentType":"text/plain; charset=ISO-8859-1","fileSize":231,"isImage":false,"length":231,"modDate":1705395731019,"name":"descriptionTag.vtl","path":"7/3/73c1453a-cb6b-44db-8b3a-efb559f798bd/fileAsset/descriptionTag.vtl","sha256":"3fd5fa4e8e833fc56a9e226c37e3127e23ca07096ff38e1b1a8909d5733795ac","title":"descriptionTag.vtl","version":20220201}