{"content":"<svg xmlns=\"http://www.w3.org/2000/svg\" width=\"24\" height=\"24\">\n    <path d=\"M10 2a7.986 7.986 0 016.312 12.9l4.895 4.9a1 1 0 11-1.414 1.414l-4.9-4.895A8 8 0 1110 2zm0 14a6 6 0 100-12 6 6 0 000 12z\" fill=\"currentColor\"/>\n</svg>\n\n","contentType":"text/plain; charset=ISO-8859-1","fileSize":228,"isImage":false,"length":228,"modDate":1705395731239,"name":"search-icon.vtl","path":"5/b/5be64161-03e1-4c90-b5fc-4a72a5007054/fileAsset/search-icon.vtl","sha256":"6570692eea42efeadbb4ce1ca111a134dd07415403d50478a6953e5dac80129d","title":"search-icon.vtl","version":20220201}