{"content":"{\n    \"header\": true,\n    \"footer\": true,\n    \"body\": {\n        \"rows\": [\n            {\n                \"styleClass\": \"first-top-padding\",\n                \"columns\": [\n                    {\n                        \"leftOffset\": 1,\n                        \"width\": 12,\n                        \"styleClass\": \"yettel-padding-top-32\",\n                        \"containers\": [\n                            {\n                                \"identifier\": \"//default/application/containers/block/\",\n                                \"uuid\": \"1\"\n                            }\n                        ]\n                    }\n                ]\n            },\n            {\n                \"styleClass\": \"yettel-margin-top-32\",\n                \"columns\": [\n                    {\n                        \"leftOffset\": 1,\n                        \"width\": 12,\n                        \"containers\": [\n                            {\n                                \"identifier\": \"//default/application/containers/faq-module/\",\n                                \"uuid\": \"2\"\n                            }\n                        ]\n                    }\n                ]\n            }\n        ]\n    },\n    \"sidebar\": null\n}\n\n","contentType":"text/plain; charset=ISO-8859-1","fileSize":1199,"isImage":false,"length":1199,"modDate":1705395737823,"name":"layout.json","path":"7/c/7c0170d9-a011-4feb-9017-6bb42b7f3e78/fileAsset/layout.json","sha256":"9c3aeaf308f2eac63b0d1abd867570813674b7766f75574d307f9765c217fb5b","title":"layout.json","version":20220201}