{"content":"$dotJSON.put(\"title\", \"Search Page\")\n$dotJSON.put(\"friendly_name\", \"Search Page\")\n$dotJSON.put(\"theme\", \"38c73ebea654be5f05ea5f14a1263702\")\n\n","contentType":"text/plain; charset=ISO-8859-1","fileSize":140,"isImage":false,"length":140,"modDate":1706185550041,"name":"properties.vtl","path":"0/7/07d41b28-b548-4c56-a3ef-30533b5c2d24/fileAsset/properties.vtl","sha256":"47a5de1b622b7458310f9cf181134c762c8bb7a68689cc922c6177558818713d","title":"properties.vtl","version":20220201}