{"content":"{\n    \"header\": false,\n    \"footer\": false,\n    \"body\": {\n        \"rows\": [\n            {\n                \"styleClass\": \"first-top-padding\",\n                \"columns\": [\n                    {\n                        \"leftOffset\": 1,\n                        \"width\": 12,\n                        \"styleClass\": \"\",\n                        \"containers\": [\n                            {\n                                \"identifier\": \"//default/application/containers/example/\",\n                                \"uuid\": \"1\"\n                            }\n                        ]\n                    }\n                ]\n            },\n            {\n                \"styleClass\": \"\",\n                \"columns\": [\n                    {\n                        \"leftOffset\": 1,\n                        \"width\": 12,\n                        \"styleClass\": \"\",\n                        \"containers\": [\n                            {\n                                \"identifier\": \"//default/application/containers/example/\",\n                                \"uuid\": \"2\"\n                            }\n                        ]\n                    }\n                ]\n            },\n            {\n                \"styleClass\": \"\",\n                \"columns\": [\n                    {\n                        \"leftOffset\": 1,\n                        \"width\": 12,\n                        \"styleClass\": \"\",\n                        \"containers\": [\n                            {\n                                \"identifier\": \"//default/application/containers/example/\",\n                                \"uuid\": \"3\"\n                            }\n                        ]\n                    }\n                ]\n            },\n            {\n                \"styleClass\": \"\",\n                \"columns\": [\n                    {\n                        \"leftOffset\": 1,\n                        \"width\": 12,\n                        \"styleClass\": \"\",\n                        \"containers\": [\n                            {\n                                \"identifier\": \"//default/application/containers/example/\",\n                                \"uuid\": \"4\"\n                            }\n                        ]\n                    }\n                ]\n            },\n            {\n                \"styleClass\": \"\",\n                \"columns\": [\n                    {\n                        \"leftOffset\": 1,\n                        \"width\": 12,\n                        \"styleClass\": \"\",\n                        \"containers\": [\n                            {\n                                \"identifier\": \"//default/application/containers/example/\",\n                                \"uuid\": \"5\"\n                            }\n                        ]\n                    }\n                ]\n            },\n            {\n                \"styleClass\": \"\",\n                \"columns\": [\n                    {\n                        \"leftOffset\": 1,\n                        \"width\": 12,\n                        \"styleClass\": \"\",\n                        \"containers\": [\n                            {\n                                \"identifier\": \"//default/application/containers/example/\",\n                                \"uuid\": \"6\"\n                            }\n                        ]\n                    }\n                ]\n            },\n            {\n                \"styleClass\": \"\",\n                \"columns\": [\n                    {\n                        \"leftOffset\": 1,\n                        \"width\": 12,\n                        \"styleClass\": \"\",\n                        \"containers\": [\n                            {\n                                \"identifier\": \"//default/application/containers/example/\",\n                                \"uuid\": \"7\"\n                            }\n                        ]\n                    }\n                ]\n            },\n            {\n                \"styleClass\": \"\",\n                \"columns\": [\n                    {\n                        \"leftOffset\": 1,\n                        \"width\": 12,\n                        \"styleClass\": \"\",\n                        \"containers\": [\n                            {\n                                \"identifier\": \"//default/application/containers/example/\",\n                                \"uuid\": \"8\"\n                            }\n                        ]\n                    }\n                ]\n            },\n            {\n                \"styleClass\": \"\",\n                \"columns\": [\n                    {\n                        \"leftOffset\": 1,\n                        \"width\": 12,\n                        \"styleClass\": \"\",\n                        \"containers\": [\n                            {\n                                \"identifier\": \"//default/application/containers/example/\",\n                                \"uuid\": \"9\"\n                            }\n                        ]\n                    }\n                ]\n            },\n            {\n                \"styleClass\": \"\",\n                \"columns\": [\n                    {\n                        \"leftOffset\": 1,\n                        \"width\": 12,\n                        \"styleClass","contentType":"text/plain; charset=ISO-8859-1","fileSize":5482,"isImage":false,"length":5482,"modDate":1705395736649,"name":"layout.json","path":"5/e/5e92992e-bc4a-435b-94f4-49d8c5525a36/fileAsset/layout.json","sha256":"cde3502c53cd195c00d1b5e7b0c9df86bfb0dc506de1c85f6d08f3d4d1536817","title":"layout.json","version":20220201}