{"content":"#set($messageBoxCard = $dotContentMap)\n#set($popUpSource = \"on-page-load\")\n\n#dotParse(\"/application/vtl/card/messagebox/messagebox-card-popup.vtl\")\n","contentType":"text/plain; charset=ISO-8859-1","fileSize":147,"isImage":false,"length":147,"modDate":1705395710499,"name":"messageboxcard.vtl","path":"a/2/a2625d36-b799-43d7-a0ce-641f2dfafe30/fileAsset/messageboxcard.vtl","sha256":"17311e251af7f53102bfdfffbfdc181998f21d2224e9e8bfe8d72f40eee99837","title":"messageboxcard.vtl","version":20220201}