{"content":"#if($dotThemeLayout.body.rows)\n    <main data-layout=\"$!{dotThemeLayout.title}\" class=\"#if ($EDIT_MODE) edit-mode #end\">\n        #dotParse(\"${dotTheme.path}partial/content/content-inner.vtl\")\n        #if ($UtilMethods.isSet($modalsToShow) && $request.getAttribute(\"User-Agent\") != \"DOTCMS-SITESEARCH\")\n            $!modalsToShow\n        #end\n    </main>\n#end\n\n","contentType":"text/plain; charset=ISO-8859-1","fileSize":359,"isImage":false,"length":359,"modDate":1706178718832,"name":"content.vtl","path":"5/8/589e11cc-dfd6-42d4-8425-8c9513a711c7/fileAsset/content.vtl","sha256":"5f10050bb80ffaed466aff990563df5c66e49e30eb81c1c48d4e4879ccb25fee","title":"content.vtl","version":20220201}