{
    "header": true,
    "footer": true,
    "body": {
        "rows": [
            {
                "styleClass": "first-top-padding",
                "columns": [
                    {
                        "leftOffset": 1,
                        "width": 12,
                        "styleClass": "yettel-padding-top-32",
                        "containers": [
                            {
                                "identifier": "//default/application/containers/block/",
                                "uuid": "1"
                            }
                        ]
                    }
                ]
            },
            {
                "styleClass": "yettel-margin-top-32",
                "columns": [
                    {
                        "leftOffset": 1,
                        "width": 12,
                        "containers": [
                            {
                                "identifier": "//default/application/containers/faq-module/",
                                "uuid": "2"
                            }
                        ]
                    }
                ]
            }
        ]
    },
    "sidebar": null
}
