{"content":"<a id=\"anchor-content-$!{videoYoutube.identifier}\" class=\"content-anchor\"></a>\n#set($aspectPadding = \"56.25%\")\n#set($title = $!videoYoutube.displayTitle)\n#if( \"$!videoYoutube.aspectRatio.selectValue\" == \"9:16\" )\n    #set($aspectPadding = \"177.77%\")\n#end\n#if ($title == '')\n    #set($title = \"Youtube Video\")\n#end\n\n#if($!videoYoutube.videoPosition.selectValue == \"left\" || $!videoYoutube.videoPosition.selectValue == \"right\")\n<div class=\"youtube-with-description $!videoYoutube.style\">\n    <div class=\"youtube-title-align-$!{videoYoutube.titleAlignment.selectValue}\">\n        #if ($!videoYoutube.displayTitle != '')\n            <h2>$!{videoYoutube.displayTitle}</h2>\n        #end\n    </div>\n    <div class=\"youtube-with-description__videoConent $!{videoYoutube.videoPosition.selectValue}\">\n        <div class=\"youtube-with-description__videoConent__video\">\n            <iframe src=\"https://www.youtube.com/embed/$!{videoYoutube.youtubeId}?rel=0\" title=\"${title}\" frameborder=\"0\"\n                allow=\"accelerometer; autoplay; clipboard-write; encrypted-media; gyroscope; picture-in-picture\" allowfullscreen>\n            </iframe>\n        </div>\n        <div class=\"youtube-with-description__videoConent__text\">\n            #if ($!videoYoutube.description != '')\n                $!{videoYoutube.description}\n            #end\n        </div>\n    </div>\n</div>\n#else\n<div>\n    #if ($!videoYoutube.displayTitle != '')\n        <h2 class=\"youtube-title-align-$!{videoYoutube.titleAlignment.selectValue}\">$!{videoYoutube.displayTitle}</h2>\n    #end\n    <div class=\"cb-youtube-video cb-card\" style=\"padding-bottom:${aspectPadding};\">\n        <iframe src=\"https://www.youtube.com/embed/$!{videoYoutube.youtubeId}?rel=0\" title=\"${title}\" frameborder=\"0\"\n            allow=\"accelerometer; autoplay; clipboard-write; encrypted-media; gyroscope; picture-in-picture\" allowfullscreen>\n        </iframe>\n    </div>\n</div>\n#end\n","contentType":"text/plain; charset=ISO-8859-1","fileSize":1909,"isImage":false,"length":1909,"modDate":1706192154227,"name":"video-youtube.vtl","path":"1/f/1f3a2c88-5d44-44c6-a325-bdae8018933c/fileAsset/video-youtube.vtl","sha256":"dbb65f7857741b82ee5961970f33e05b620e4b5ab17c77e7ee9422c0a41087cb","title":"video-youtube.vtl","version":20220201}