{"content":"#if($UtilMethods.isSet($headerTag) && $UtilMethods.isSet($headerTag.displayTitle))\n    #set($headerSize = \"H2\")\n    #if($UtilMethods.isSet($headerDefaultSize))\n        #set($headerSize = $headerDefaultSize)\n    #end\n    #if($UtilMethods.isSet($headerTag.displayTitleSize) && $headerTag.displayTitleSize.selectValue != \"Default\")\n        #set($headerSize = $headerTag.displayTitleSize.selectValue)\n    #end\n\n    <$!{headerSize} class=\"$!{headerTag.textAlignment.selectValue} $!{headerClass}\">\n        $!{headerTag.displayTitle}\n    </$!{headerSize}>\n#end\n\n","contentType":"text/plain; charset=ISO-8859-1","fileSize":554,"isImage":false,"length":554,"modDate":1705395731149,"name":"headerTag.vtl","path":"3/f/3fcbb983-27ec-4843-ae02-85e8e5ae8357/fileAsset/headerTag.vtl","sha256":"69981042f14e5985c2649a05e7bb826720e3315a51fb52972b783a70a0595e7e","title":"headerTag.vtl","version":20220201}