{"content":"<link rel=\"apple-touch-icon\" sizes=\"180x180\" href=\"/application/themes/contentbloom/assets/apple-touch-icon.png\">\n<link rel=\"icon\" type=\"image/png\" sizes=\"32x32\" href=\"/application/themes/contentbloom/assets/favicon-32x32.png\">\n<link rel=\"icon\" type=\"image/png\" sizes=\"16x16\" href=\"/application/themes/contentbloom/assets/favicon-16x16.png\">\n<link rel=\"manifest\" href=\"/application/themes/contentbloom/assets/site.webmanifest\">\n<link rel=\"mask-icon\" href=\"/application/themes/contentbloom/assets/safari-pinned-tab.svg\" color=\"#002340\">\n<link rel=\"shortcut icon\" href=\"/application/themes/contentbloom/assets/favicon.ico\">\n<meta name=\"msapplication-TileColor\" content=\"#da532c\">\n<meta name=\"msapplication-config\" content=\"/application/themes/contentbloom/assets/browserconfig.xml\">\n<meta name=\"theme-color\" content=\"#ffffff\">\n\n","contentType":"text/plain; charset=ISO-8859-1","fileSize":825,"isImage":false,"length":825,"modDate":1706095024650,"name":"head_favicon.vtl","path":"5/6/5695eb0d-7f44-45a6-bb33-bbfd472975c0/fileAsset/head_favicon.vtl","sha256":"b4c08ddaa76876c746d1e34c84fb799a2c50172aa2ee14eb1b8afb52aeb2b3d4","title":"head_favicon.vtl","version":20220201}