{"content":"#*\n    Style Picker with 'Inherit' option Field\n    Uses the existing Style Field picker and includes the 'Inherit' option.\n\n    Example Custom Field\n    #dotParse(\"/application/vtl/custom-fields/style-with-inherit-field.vtl\")\n *#\n<script>\n    const postItems = [\n        {\n            \"class\": \"warning\",\n            \"text\": \"Warning\",\n            \"img\": null,\n            \"value\": \"warning\",\n            \"style\": \"\"\n        },\n        {\n            \"class\": \"alert\",\n            \"text\": \"Alert\",\n            \"img\": null,\n            \"value\": \"alert\",\n            \"style\": \"\"\n        },\n        {\n            \"class\": \"success\",\n            \"text\": \"Success\",\n            \"img\": null,\n            \"value\": \"success\",\n            \"style\": \"\"\n        }\n    ];\n</script>\n#dotParse(\"/application/vtl/custom-fields/style-field.vtl\")\n\n","contentType":"text/plain; charset=ISO-8859-1","fileSize":829,"isImage":false,"length":829,"modDate":1705395686908,"name":"style-with-message-box-styles.vtl","path":"8/8/88fd4c90-fa64-4f62-87a7-f25843616ca4/fileAsset/style-with-message-box-styles.vtl","sha256":"86822ec60c2c7270e2dd564c35ce5cf5f0e794c83e841dff524278c0343c9c8d","title":"style-with-message-box-styles.vtl","version":20220201}