{"content":"$dotJSON.put(\"title\", \"Home Page\")\n$dotJSON.put(\"friendly_name\", \"Home Page\")\n$dotJSON.put(\"theme\", \"38c73ebea654be5f05ea5f14a1263702\")\n\n","contentType":"text/plain; charset=ISO-8859-1","fileSize":136,"isImage":false,"length":136,"modDate":1706185549691,"name":"properties.vtl","path":"d/b/dbed7869-e57e-4c89-9520-c3ea91a995cd/fileAsset/properties.vtl","sha256":"118016c155b555e2db21f96868d474027d0beb4d0a174a48215a65e9d3de42dc","title":"properties.vtl","version":20220201}