{"content":"#set($itemId = $item.attrs.data.inode)\n#set($videoMp4 = $dotcontent.find($itemId))\n\n#dotParse(\"/application/vtl/video/video-mp4.vtl\")\n\n","contentType":"text/plain; charset=ISO-8859-1","fileSize":134,"isImage":false,"length":134,"modDate":1705395729989,"name":"dotContent-videoMp4.vtl","path":"0/f/0fdf39dc-bacd-4b4b-9ad1-70bf24abf35b/fileAsset/dotContent-videoMp4.vtl","sha256":"218fbb4d2c990de645ccc07099f440173110bb53133225ffd59c044eac45c92c","title":"dotContent-videoMp4.vtl","version":20220201}