{"content":"<svg width=\"28\" height=\"28\" viewBox=\"0 0 28 28\" fill=\"none\" xmlns=\"http://www.w3.org/2000/svg\">\n    <path d=\"M18.6603 13.3326C19.1159 13.7883 19.1159 14.527 18.6603 14.9826L11.1607 22.4822L9.51074 20.8323L16.1854 14.1576L9.51074 7.48292L11.1607 5.83301L18.6603 13.3326Z\" fill=\"#002340\"/>\n</svg>\n\n","contentType":"text/plain; charset=ISO-8859-1","fileSize":295,"height":28,"isImage":true,"length":295,"modDate":1706178714249,"name":"chevron-right.svg","path":"0/a/0a88812d-a8f1-4f60-9be4-b12d0ead7a40/fileAsset/chevron-right.svg","sha256":"3ae64ea71159b865efe9362d9916d1ee2625b057a87175bde60827bdd5dda709","title":"chevron-right.svg","version":20220201,"width":28}