{"content":"#set($itemId = $item.attrs.data.inode)\n#set($tariffCarousel = $dotcontent.find($itemId))\n\n#dotParse(\"/application/vtl/carousel/tariff/tariff-carousel.vtl\")\n\n","contentType":"text/plain; charset=ISO-8859-1","fileSize":156,"isImage":false,"length":156,"modDate":1705395729539,"name":"dotContent-tariffcarousel.vtl","path":"2/5/251cb6f4-3dad-40e9-81b5-988ed428944f/fileAsset/dotContent-tariffcarousel.vtl","sha256":"caf5e2fd7e4dc625e0056691df90d1f60e4baa8c3f2ff22a8cf7d2b9c38c337e","title":"dotContent-tariffcarousel.vtl","version":20220201}