{"content":"@charset \"UTF-8\"; /*!\n * Bootstrap  v5.2.3 (https://getbootstrap.com/)\n * Copyright 2011-2022 The Bootstrap Authors\n * Copyright 2011-2022 Twitter, Inc.\n * Licensed under MIT (https://github.com/twbs/bootstrap/blob/main/LICENSE)\n */\n:root {\n    --bs-blue: #0d6efd;\n    --bs-indigo: #6610f2;\n    --bs-purple: #6f42c1;\n    --bs-pink: #d63384;\n    --bs-red: #dc3545;\n    --bs-orange: #fd7e14;\n    --bs-yellow: #ffc107;\n    --bs-green: #198754;\n    --bs-teal: #20c997;\n    --bs-cyan: #0dcaf0;\n    --bs-black: #000;\n    --bs-white: #fff;\n    --bs-gray: #6c757d;\n    --bs-gray-dark: #343a40;\n    --bs-gray-100: #f8f9fa;\n    --bs-gray-200: #e9ecef;\n    --bs-gray-300: #dee2e6;\n    --bs-gray-400: #ced4da;\n    --bs-gray-500: #adb5bd;\n    --bs-gray-600: #6c757d;\n    --bs-gray-700: #495057;\n    --bs-gray-800: #343a40;\n    --bs-gray-900: #212529;\n    --bs-primary: #0d6efd;\n    --bs-secondary: #6c757d;\n    --bs-success: #198754;\n    --bs-info: #0dcaf0;\n    --bs-warning: #ffc107;\n    --bs-danger: #dc3545;\n    --bs-light: #f8f9fa;\n    --bs-dark: #212529;\n    --bs-primary-rgb: 13, 110, 253;\n    --bs-secondary-rgb: 108, 117, 125;\n    --bs-success-rgb: 25, 135, 84;\n    --bs-info-rgb: 13, 202, 240;\n    --bs-warning-rgb: 255, 193, 7;\n    --bs-danger-rgb: 220, 53, 69;\n    --bs-light-rgb: 248, 249, 250;\n    --bs-dark-rgb: 33, 37, 41;\n    --bs-white-rgb: 255, 255, 255;\n    --bs-black-rgb: 0, 0, 0;\n    --bs-body-color-rgb: 33, 37, 41;\n    --bs-body-bg-rgb: 255, 255, 255;\n    --bs-font-sans-serif: system-ui, -apple-system, 'Segoe UI', Roboto, 'Helvetica Neue',\n        'Noto Sans', 'Liberation Sans', Arial, sans-serif, 'Apple Color Emoji', 'Segoe UI Emoji',\n        'Segoe UI Symbol', 'Noto Color Emoji';\n    --bs-font-monospace: SFMono-Regular, Menlo, Monaco, Consolas, 'Liberation Mono', 'Courier New',\n        monospace;\n    --bs-gradient: linear-gradient(180deg, rgba(255, 255, 255, 0.15), rgba(255, 255, 255, 0));\n    --bs-body-font-family: var(--bs-font-sans-serif);\n    --bs-body-font-size: 1rem;\n    --bs-body-font-weight: 400;\n    --bs-body-line-height: 1.5;\n    --bs-body-color: #212529;\n    --bs-body-bg: #fff;\n    --bs-border-width: 1px;\n    --bs-border-style: solid;\n    --bs-border-color: #dee2e6;\n    --bs-border-color-translucent: rgba(0, 0, 0, 0.175);\n    --bs-border-radius: 0.375rem;\n    --bs-border-radius-sm: 0.25rem;\n    --bs-border-radius-lg: 0.5rem;\n    --bs-border-radius-xl: 1rem;\n    --bs-border-radius-2xl: 2rem;\n    --bs-border-radius-pill: 50rem;\n    --bs-link-color: #0d6efd;\n    --bs-link-hover-color: #0a58ca;\n    --bs-code-color: #d63384;\n    --bs-highlight-bg: #fff3cd;\n}\n*,\n::after,\n::before {\n    box-sizing: border-box;\n}\n@media (prefers-reduced-motion: no-preference) {\n    :root {\n        scroll-behavior: smooth;\n    }\n}\nbody {\n    margin: 0;\n    font-family: var(--bs-body-font-family);\n    font-size: var(--bs-body-font-size);\n    font-weight: var(--bs-body-font-weight);\n    line-height: var(--bs-body-line-height);\n    color: var(--bs-body-color);\n    text-align: var(--bs-body-text-align);\n    background-color: var(--bs-body-bg);\n    -webkit-text-size-adjust: 100%;\n    -webkit-tap-highlight-color: transparent;\n}\nhr {\n    margin: 1rem 0;\n    color: inherit;\n    border: 0;\n    border-top: 1px solid;\n    opacity: 0.25;\n}\n.h1,\n.h2,\n.h3,\n.h4,\n.h5,\n.h6,\nh1,\nh2,\nh3,\nh4,\nh5,\nh6 {\n    margin-top: 0;\n    margin-bottom: 0.5rem;\n    font-weight: 500;\n    line-height: 1.2;\n}\n.h1,\nh1 {\n    font-size: calc(1.375rem + 1.5vw);\n}\n@media (min-width: 1200px) {\n    .h1,\n    h1 {\n        font-size: 2.5rem;\n    }\n}\n.h2,\nh2 {\n    font-size: calc(1.325rem + 0.9vw);\n}\n@media (min-width: 1200px) {\n    .h2,\n    h2 {\n        font-size: 2rem;\n    }\n}\n.h3,\nh3 {\n    font-size: calc(1.3rem + 0.6vw);\n}\n@media (min-width: 1200px) {\n    .h3,\n    h3 {\n        font-size: 1.75rem;\n    }\n}\n.h4,\nh4 {\n    font-size: calc(1.275rem + 0.3vw);\n}\n@media (min-width: 1200px) {\n    .h4,\n    h4 {\n        font-size: 1.5rem;\n    }\n}\n.h5,\nh5 {\n    font-size: 1.25rem;\n}\n.h6,\nh6 {\n    font-size: 1rem;\n}\np {\n    margin-top: 0;\n    margin-bottom: 1rem;\n}\nabbr[title] {\n    -webkit-text-decoration: underline dotted;\n    text-decoration: underline dotted;\n    cursor: help;\n    -webkit-text-decoration-skip-ink: none;\n    text-decoration-skip-ink: none;\n}\naddress {\n    margin-bottom: 1rem;\n    font-style: normal;\n    line-height: inherit;\n}\nol,\nul {\n    padding-left: 2rem;\n}\ndl,\nol,\nul {\n    margin-top: 0;\n    margin-bottom: 1rem;\n}\nol ol,\nol ul,\nul ol,\nul ul {\n    margin-bottom: 0;\n}\ndt {\n    font-weight: 700;\n}\ndd {\n    margin-bottom: 0.5rem;\n    margin-left: 0;\n}\nblockquote {\n    margin: 0 0 1rem;\n}\nb,\nstrong {\n    font-weight: bolder;\n}\n.small,\nsmall {\n    font-size: 0.875em;\n}\n.mark,\nmark {\n    padding: 0.1875em;\n    background-color: var(--bs-highlight-bg);\n}\nsub,\nsup {\n    position: relative;\n    font-size: 0.75em;\n    line-height: 0;\n    vertical-align: baseline;\n}\nsub {\n    bottom: -0.25em;\n}\nsup {\n    top: -0.5em;\n}\na {\n    color: var(--bs-link-color);\n    text-decoration: underline;\n}\na:hover {\n    color: var(--bs-link-hover-color);\n}\na:not([href]):not([class]),\na:not([href]):not([class]):ho","contentType":"text/plain; charset=UTF-8","fileSize":256223,"isImage":false,"length":256223,"modDate":1706185062459,"name":"bootstrap.min.5.2.3.css","path":"7/9/793a251e-cb65-4874-8ad5-95188644b77d/fileAsset/bootstrap.min.5.2.3.css","sha256":"740097ad85c0673b8de721eabfbbd9f854d569267f2d272914f916a02f74790a","title":"bootstrap.min.5.2.3.css","version":20220201}