{"content":"#set($itemId = $item.attrs.data.inode)\n#set($productSlider = $dotcontent.find($itemId))\n\n#dotParse(\"/application/vtl/carousel/product/product-slider.vtl\")\n\n","contentType":"text/plain; charset=ISO-8859-1","fileSize":155,"isImage":false,"length":155,"modDate":1705395728559,"name":"dotContent-productslider.vtl","path":"9/a/9ad409ba-2e9c-4b89-9b04-177e83c9ee9e/fileAsset/dotContent-productslider.vtl","sha256":"145a77969dc59a68f4e87e0fb451856bf984639092a42e13448411ca2d1512b5","title":"dotContent-productslider.vtl","version":20220201}